id,firstname,lastname,email,gender,currency,salary,currencyName
1,Phaedra,Brandle,pbrandle0@spiegel.de,Female,OMR,ر.ع. 41155.551,OMR
2,Geri,Carmody,gcarmody1@1688.com,Male,CNY,CN¥ 52543.58,CNY
3,Reggis,Boughen,rboughen2@nba.com,Male,CNY,CN¥ 52830.48,CNY
4,Maryellen,Rogerot,mrogerot3@oakley.com,Female,RUB,₽. 42836.19,RUB
5,Eirena,Cleghorn,ecleghorn4@yolasite.com,Female,CAD,$ 96170.26,CAD
6,Gaspar,Dumbarton,gdumbarton5@whitehouse.gov,Male,HRK,kn 71290.68,HRK
7,Giffard,Robilart,grobilart6@blogspot.com,Male,RUB,₽. 44498.80,RUB
8,Jo,Mardy,jmardy7@tinyurl.com,Male,RUB,₽. 76228.53,RUB
9,Donn,Peace,dpeace8@shop-pro.jp,Male,EUR,€ 55337.62,EUR
10,Violet,Libero,vlibero9@google.it,Female,KZT,тңг. 39416.42,KZT
11,Sisile,Stallan,sstallana@uiuc.edu,Female,SYP,ل.س.‏ 79729.,SYP
12,Herrick,Tourner,htournerb@ft.com,Non-binary,TZS,TSh 68763.,TZS
13,Hy,Birdis,hbirdisc@wikipedia.org,Male,UYU,$ 23928.04,UYU
14,Zia,Purkess,zpurkessd@google.co.uk,Female,EUR,€ 66175.95,EUR
15,Cleve,Attenbrough,cattenbroughe@tmall.com,Male,EUR,€ 56801.98,EUR
16,Karney,Delgardo,kdelgardof@gizmodo.com,Male,PEN,S/. 32308.53,PEN
17,Ignacius,Sebborn,isebborng@paypal.com,Male,RUB,₽. 40459.94,RUB
18,Felizio,Van Leijs,fvanleijsh@godaddy.com,Male,UAH,₴ 42597.11,UAH
19,Rog,Edling,redlingi@paypal.com,Male,RSD,дин. 63270.,RSD
20,Heindrick,Faithfull,hfaithfullj@wikia.com,Agender,CZK,Kč 59642.59,CZK
21,Salvador,Teggart,steggartk@ezinearticles.com,Male,EUR,€ 62544.41,EUR
22,Skyler,Munson,smunsonl@amazon.de,Male,PHP,₱ 33963.15,PHP
23,Lynsey,Vines,lvinesm@admin.ch,Female,MXN,$ 54810.42,MXN
24,Linc,Wyldish,lwyldishn@tiny.cc,Male,IDR,Rp 15344.,IDR
25,Sarena,Domek,sdomeko@weebly.com,Female,GTQ,Q 47723.26,GTQ
26,Reynold,Woodson,rwoodsonp@yelp.com,Male,JPY,￥ 34699.,JPY
27,Davine,Caddan,dcaddanq@1688.com,Female,PHP,₱ 30165.74,PHP
28,Adolpho,O'Shevlan,aoshevlanr@ucoz.com,Male,PEN,S/. 26629.52,PEN
29,Giulio,Riddall,griddalls@springer.com,Male,PHP,₱ 56772.42,PHP
30,Winslow,Ferney,wferneyt@earthlink.net,Male,BRL,R$ 65730.94,BRL
31,Christean,Test,ctestu@boston.com,Female,MXN,$ 36341.88,MXN
32,Shaina,Kempson,skempsonv@ustream.tv,Agender,MAD,د.م.‏ 89165.78,MAD
33,Ephrayim,Berston,eberstonw@baidu.com,Male,IDR,Rp 19699.,IDR
34,Trixy,Pinching,tpinchingx@icq.com,Female,XOF,CFA 61093.,XOF
35,Anjela,Pratt,apratty@myspace.com,Non-binary,UAH,₴ 76543.37,UAH
36,Todd,Titmus,ttitmusz@wunderground.com,Male,RUB,₽. 13898.67,RUB
37,Napoleon,Lindstedt,nlindstedt10@hc360.com,Male,UAH,₴ 17541.55,UAH
38,Alejoa,Hars,ahars11@ifeng.com,Male,RUB,₽. 67163.29,RUB
39,Valentine,Phripp,vphripp12@hibu.com,Male,PEN,S/. 98034.10,PEN
40,Kimmie,Cawkwell,kcawkwell13@pen.io,Female,RUB,₽. 76398.54,RUB
41,Hector,Counsell,hcounsell14@feedburner.com,Male,IDR,Rp 75205.,IDR
42,Davidde,Klimkovich,dklimkovich15@theguardian.com,Male,EUR,€ 65367.88,EUR
43,Karrie,Pettipher,kpettipher16@imgur.com,Female,CNY,CN¥ 46666.70,CNY
45,Mic,Blazek,mblazek18@nyu.edu,Male,CNY,CN¥ 96694.88,CNY
46,Lyell,Moorey,lmoorey19@intel.com,Male,BRL,R$ 25970.35,BRL
47,Krisha,Giabuzzi,kgiabuzzi1a@forbes.com,Male,UAH,₴ 41197.21,UAH
48,L;urette,Gusney,lgusney1b@purevolume.com,Female,IDR,Rp 12656.,IDR
49,Joane,Kilbey,jkilbey1c@google.ca,Female,CNY,CN¥ 66605.62,CNY
50,Abbie,Weaver,aweaver1d@walmart.com,Male,BRL,R$ 35582.48,BRL
51,Brocky,Chesney,bchesney1e@github.com,Bigender,CNY,CN¥ 86333.95,CNY
53,Lynde,De Gowe,ldegowe1g@answers.com,Female,VND,₫ 38006.,VND
54,Liv,Jerams,ljerams1h@miibeian.gov.cn,Female,EUR,€ 48377.10,EUR
56,Krishnah,Tuther,ktuther1j@shop-pro.jp,Male,CNY,CN¥ 35925.05,CNY
57,Kaine,Dust,kdust1k@mapy.cz,Male,BRL,R$ 90703.30,BRL
58,Aldo,Rosenfelder,arosenfelder1l@zdnet.com,Male,MYR,RM 54630.54,MYR
59,Inessa,Pauletto,ipauletto1m@sourceforge.net,Female,CNY,CN¥ 59844.34,CNY
60,Madelene,Willetts,mwilletts1n@quantcast.com,Female,THB,฿ 34713.20,THB
61,Waiter,Averay,waveray1o@webs.com,Male,PHP,₱ 65283.23,PHP
62,Phelia,Bruneton,pbruneton1p@i2i.jp,Bigender,KZT,тңг. 23383.29,KZT
63,Katerina,Andino,kandino1q@cyberchimps.com,Female,IDR,Rp 85821.,IDR
64,Marve,McCreadie,mmccreadie1r@amazon.de,Male,PHP,₱ 71512.17,PHP
65,Alyda,Chesnut,achesnut1s@dailymail.co.uk,Female,UAH,₴ 48271.95,UAH
66,Irma,Loache,iloache1t@washingtonpost.com,Female,CNY,CN¥ 78095.79,CNY
67,Dyann,Coulthard,dcoulthard1u@java.com,Female,ZWL,ZWL$ 43988.,ZWL
68,Gretna,Pavlik,gpavlik1v@mac.com,Female,EUR,€ 35366.75,EUR
69,Rivi,Walas,rwalas1w@typepad.com,Female,PLN,zł 60095.78,PLN
70,Ham,Owens,howens1x@flickr.com,Male,NAD,N$ 73877.05,NAD
71,Dasha,Yarrall,dyarrall1y@issuu.com,Female,PHP,₱ 93051.21,PHP
72,Rachelle,Hefferon,rhefferon1z@creativecommons.org,Female,PLN,zł 48051.43,PLN
73,Cleon,Pionter,cpionter20@mlb.com,Male,EUR,€ 20042.41,EUR
74,Oren,Brazener,obrazener21@mayoclinic.com,Male,JPY,￥ 45617.,JPY
75,Swen,Lutzmann,slutzmann22@fotki.com,Male,ILS,₪ 21519.04,ILS
76,Burke,Kinnier,bkinnier23@scribd.com,Male,GTQ,Q 59775.31,GTQ
77,Hugues,Caine,hcaine24@google.co.uk,Male,PEN,S/. 53918.78,PEN
78,Jessee,Goldston,jgoldston25@independent.co.uk,Male,CNY,CN¥ 32170.29,CNY
79,Alvira,Penrice,apenrice26@reuters.com,Female,CAD,$ 77382.45,CAD
80,Janaye,Seagrove,jseagrove27@plala.or.jp,Female,ZAR,R 30523.72,ZAR
81,Louella,Izat,lizat28@shutterfly.com,Female,PKR,₨ 69155.,PKR
82,Marcello,Wedgwood,mwedgwood29@rediff.com,Male,XOF,CFA 25464.,XOF
83,Marya,Cahalin,mcahalin2a@furl.net,Polygender,YER,ر.ي.‏ 20296.,YER
84,Lorette,Sunter,lsunter2b@cafepress.com,Female,JPY,￥ 67339.,JPY
85,Lon,Sherrard,lsherrard2c@cnn.com,Male,CNY,CN¥ 64645.22,CNY
86,Lacey,Cockley,lcockley2d@ow.ly,Female,RUB,₽. 37712.38,RUB
87,Kitti,Fawdrey,kfawdrey2e@opera.com,Female,RUB,₽. 52630.81,RUB
88,Orelee,Hooks,ohooks2f@unc.edu,Female,CNY,CN¥ 60301.96,CNY
89,Patsy,Vant,pvant2g@shutterfly.com,Male,THB,฿ 89295.91,THB
90,Ferrell,Bunting,fbunting2h@icio.us,Male,PLN,zł 13071.19,PLN
91,Igor,Dearan,idearan2i@buzzfeed.com,Male,CNY,CN¥ 28004.16,CNY
92,Madelaine,Guthrum,mguthrum2j@jimdo.com,Female,CNY,CN¥ 25544.05,CNY
93,Keriann,Feldstern,kfeldstern2k@quantcast.com,Female,LTL,Lt 74453.03,LTL
94,Mariele,Chaffey,mchaffey2l@scribd.com,Female,JPY,￥ 48929.,JPY
95,Yolanda,Pettegree,ypettegree2m@issuu.com,Female,EUR,€ 29663.35,EUR
96,Gavin,Lidden,glidden2n@surveymonkey.com,Male,BRL,R$ 31796.33,BRL
97,Kippar,Bannon,kbannon2o@networkadvertising.org,Male,ILS,₪ 65663.42,ILS
99,Wendel,Francisco,wfrancisco2q@ebay.com,Male,PHP,₱ 67429.26,PHP
100,Raimundo,Mussard,rmussard2r@china.com.cn,Male,IDR,Rp 33740.,IDR
101,Jason,Grimble,jgrimble2s@dailymail.co.uk,Male,UAH,₴ 43578.59,UAH
102,Powell,Ruzicka,pruzicka2t@bluehost.com,Male,AFN,؋ 52452.,AFN
104,Lilith,Coche,lcoche2v@usa.gov,Female,EGP,ج.م.‏ 55363.59,EGP
105,Oliver,Greatbach,ogreatbach2w@spotify.com,Male,CNY,CN¥ 46580.99,CNY
106,Ilyssa,Tollett,itollett2x@amazon.co.jp,Female,RUB,₽. 86816.98,RUB
107,Martino,Wase,mwase2y@amazon.com,Male,RUB,₽. 77264.16,RUB
108,Oberon,Munkton,omunkton2z@about.com,Male,IDR,Rp 72429.,IDR
109,Lodovico,Lighten,llighten30@printfriendly.com,Male,THB,฿ 62779.11,THB
110,Richie,MacGinney,rmacginney31@nifty.com,Male,PHP,₱ 43639.38,PHP
111,Alfie,De Carolis,adecarolis32@vkontakte.ru,Female,IDR,Rp 38951.,IDR
112,Kathrine,Amdohr,kamdohr33@wufoo.com,Female,SEK,kr 36220.58,SEK
113,Jorge,Lanfare,jlanfare34@pcworld.com,Bigender,RUB,₽. 88687.98,RUB
114,Dag,Igglesden,digglesden35@globo.com,Male,PLN,zł 99604.94,PLN
115,Robbie,Demko,rdemko36@bizjournals.com,Male,MXN,$ 30581.79,MXN
116,Eustace,Leipnik,eleipnik37@moonfruit.com,Male,CNY,CN¥ 62145.67,CNY
117,Tate,Yoskowitz,tyoskowitz38@moonfruit.com,Male,VEF,Bs.F. 85664.09,VEF
118,Huntley,Cavaney,hcavaney39@blogspot.com,Male,RUB,₽. 16093.52,RUB
119,Celinda,Kleinberer,ckleinberer3a@creativecommons.org,Female,EUR,€ 88229.04,EUR
120,Ursulina,Odde,uodde3b@mashable.com,Female,PHP,₱ 69079.23,PHP
121,Tressa,Simoes,tsimoes3c@cdbaby.com,Female,AMD,դր. 63401.,AMD
122,Tuesday,Josupeit,tjosupeit3d@mysql.com,Female,IDR,Rp 85168.,IDR
123,Kareem,Grossman,kgrossman3e@nih.gov,Male,RUB,₽. 45021.83,RUB
124,Winslow,Hannond,whannond3f@latimes.com,Male,CNY,CN¥ 50305.25,CNY
125,Kirstyn,Woof,kwoof3g@prnewswire.com,Bigender,ARS,$ 45342.37,ARS
126,Sterling,Pooley,spooley3h@senate.gov,Male,IDR,Rp 37356.,IDR
127,Sosanna,Lunam,slunam3i@wp.com,Female,PLN,zł 27377.86,PLN
128,Marten,Mines,mmines3j@booking.com,Male,CNY,CN¥ 67076.58,CNY
129,Pierette,Raywood,praywood3k@elpais.com,Female,RUB,₽. 42354.16,RUB
130,Daveen,Gegg,dgegg3l@shinystat.com,Female,CNY,CN¥ 29338.59,CNY
131,Josefina,Brisseau,jbrisseau3m@sogou.com,Polygender,CNY,CN¥ 93299.58,CNY
132,Reggis,Arnley,rarnley3n@answers.com,Male,CNY,CN¥ 30853.35,CNY
133,Troy,Levington,tlevington3o@nationalgeographic.com,Male,IDR,Rp 76455.,IDR
134,Antonetta,Gonneau,agonneau3p@unicef.org,Female,JPY,￥ 22739.,JPY
135,Charmain,Dennett,cdennett3q@google.co.uk,Female,CNY,CN¥ 89889.97,CNY
136,Jeramey,Hiom,jhiom3r@uiuc.edu,Male,PLN,zł 53285.76,PLN
137,Rene,Rew,rrew3s@webeden.co.uk,Male,UAH,₴ 50232.41,UAH
138,Jammal,Coushe,jcoushe3t@gravatar.com,Male,IDR,Rp 21564.,IDR
139,Kris,Meran,kmeran3u@desdev.cn,Male,VEF,Bs.F. 97408.01,VEF
140,Harmonie,Deeney,hdeeney3v@adobe.com,Female,BRL,R$ 94260.67,BRL
141,Charmian,Restieaux,crestieaux3w@drupal.org,Genderfluid,CNY,CN¥ 27698.57,CNY
142,Ibbie,Comley,icomley3x@java.com,Female,CNY,CN¥ 13148.78,CNY
143,Theobald,Sworder,tsworder3y@narod.ru,Male,PHP,₱ 12929.52,PHP
144,Stacee,Bernaert,sbernaert3z@businessinsider.com,Male,UAH,₴ 19494.49,UAH
145,Abel,Brimacombe,abrimacombe40@shop-pro.jp,Polygender,IDR,Rp 68168.,IDR
146,Pryce,Imort,pimort41@scribd.com,Male,CNY,CN¥ 23201.68,CNY
147,Gideon,Mouget,gmouget42@g.co,Male,NAD,N$ 26634.34,NAD
148,Alexio,Pidgeon,apidgeon43@simplemachines.org,Male,SEK,kr 15112.63,SEK
149,Roselin,Whittick,rwhittick44@google.com.au,Female,MKD,MKD 62906.43,MKD
150,Aurora,Biagioni,abiagioni45@rakuten.co.jp,Female,ZAR,R 83818.81,ZAR
151,Rourke,Mora,rmora46@spiegel.de,Male,IDR,Rp 16920.,IDR
152,Titus,Sheldrake,tsheldrake47@mlb.com,Male,IDR,Rp 31605.,IDR
153,Oren,Pagett,opagett48@google.ru,Male,PLN,zł 61539.31,PLN
154,Ami,Klees,aklees49@salon.com,Female,EUR,€ 79387.09,EUR
155,Ashleigh,Scrooby,ascrooby4a@microsoft.com,Female,RSD,дин. 32655.,RSD
156,Nils,Sadat,nsadat4b@berkeley.edu,Male,CAD,$ 15509.89,CAD
157,Heinrik,O'Fallon,hofallon4c@statcounter.com,Male,CNY,CN¥ 43015.90,CNY
158,Elwira,Denver,edenver4d@twitpic.com,Female,RUB,₽. 19874.38,RUB
159,Abramo,Cordsen,acordsen4e@typepad.com,Male,CNY,CN¥ 43462.80,CNY
160,Tonnie,Eade,teade4f@howstuffworks.com,Genderfluid,EUR,€ 52389.09,EUR
161,Fabio,Rosander,frosander4g@cbslocal.com,Agender,KZT,тңг. 30494.34,KZT
162,Zed,Clemmen,zclemmen4h@fotki.com,Male,UAH,₴ 43831.31,UAH
163,Nevil,Andrzejak,nandrzejak4i@shutterfly.com,Male,CNY,CN¥ 41943.20,CNY
164,Duky,Bednall,dbednall4j@booking.com,Male,MGA,MGA 54602.,MGA
165,Bernardo,Berthelet,bberthelet4k@ycombinator.com,Male,UAH,₴ 62068.22,UAH
166,Orelie,Ezele,oezele4l@microsoft.com,Female,CNY,CN¥ 66090.70,CNY
167,Nap,Tredwell,ntredwell4m@msu.edu,Male,UAH,₴ 24016.31,UAH
168,Ettore,Werrett,ewerrett4n@dion.ne.jp,Male,VND,₫ 92358.,VND
169,Marleen,Dahlman,mdahlman4o@sakura.ne.jp,Female,BRL,R$ 17858.54,BRL
170,Kurt,Janney,kjanney4p@studiopress.com,Male,PAB,B/. 56186.37,PAB
171,Halie,Asson,hasson4q@dagondesign.com,Female,CNY,CN¥ 73823.74,CNY
172,Josh,McGall,jmcgall4r@google.nl,Male,HNL,L 58888.89,HNL
173,Randolph,St Louis,rstlouis4s@pen.io,Male,IDR,Rp 81560.,IDR
174,Jennette,Joret,jjoret4t@sina.com.cn,Female,BRL,R$ 59790.02,BRL
175,Albrecht,Ferdinand,aferdinand4u@imageshack.us,Male,ILS,₪ 35370.10,ILS
176,Shermy,Claibourn,sclaibourn4v@deviantart.com,Male,BRL,R$ 79829.85,BRL
177,Brook,Lunny,blunny4w@i2i.jp,Male,HNL,L 61059.07,HNL
178,Corene,Calway,ccalway4x@loc.gov,Female,EUR,€ 98434.71,EUR
179,Katie,Ferrier,kferrier4y@wufoo.com,Female,PHP,₱ 66716.19,PHP
180,Levey,Fancutt,lfancutt4z@e-recht24.de,Male,CNY,CN¥ 87962.84,CNY
181,Jethro,Woodman,jwoodman50@google.ca,Male,CNY,CN¥ 67898.04,CNY
183,Marley,MacTrustey,mmactrustey52@cbsnews.com,Female,VND,₫ 75306.,VND
184,Roger,Gjerde,rgjerde53@dion.ne.jp,Male,LKR,SL Re 23308.85,LKR
185,Reube,Camies,rcamies54@independent.co.uk,Male,BRL,R$ 32249.34,BRL
186,Edlin,Fender,efender55@example.com,Male,BRL,R$ 77642.71,BRL
187,Rich,Jarad,rjarad56@reference.com,Male,CNY,CN¥ 62492.20,CNY
188,Jeana,Bondesen,jbondesen57@lulu.com,Genderqueer,AZN,ман. 18884.13,AZN
189,Darlene,Toner,dtoner58@reddit.com,Female,CNY,CN¥ 90921.50,CNY
190,Marnia,Fitzhenry,mfitzhenry59@marketwatch.com,Female,COP,$ 34124.,COP
191,Renaldo,Sondland,rsondland5a@pbs.org,Male,ALL,Lek 40610.,ALL
192,Ranna,Brabham,rbrabham5b@infoseek.co.jp,Female,USD,$ 24124.83,USD
193,Dannye,Lively,dlively5c@apple.com,Female,LKR,SL Re 74047.20,LKR
194,Chucho,Fullilove,cfullilove5d@scribd.com,Male,IDR,Rp 63414.,IDR
195,Brion,Oxtoby,boxtoby5e@list-manage.com,Male,HNL,L 90982.22,HNL
196,Jemie,Rosellini,jrosellini5f@fotki.com,Female,RUB,₽. 54381.75,RUB
197,Yurik,McQuarter,ymcquarter5g@biblegateway.com,Male,CNY,CN¥ 25220.49,CNY
198,Vere,Rodders,vrodders5h@jalbum.net,Female,ARS,$ 51916.11,ARS
199,Adelheid,Thick,athick5i@china.com.cn,Female,THB,฿ 61087.42,THB
200,Cly,Laughlan,claughlan5j@rambler.ru,Male,EUR,€ 27666.51,EUR
201,Simonne,Purvess,spurvess5k@cnbc.com,Genderqueer,BRL,R$ 48091.79,BRL
202,Laird,Roubay,lroubay5l@goo.gl,Male,EUR,€ 92958.98,EUR
203,Leopold,Pheasant,lpheasant5m@techcrunch.com,Male,CNY,CN¥ 63657.32,CNY
204,Owen,Favela,ofavela5n@chicagotribune.com,Male,IDR,Rp 43937.,IDR
205,Rabi,Hayles,rhayles5o@skyrock.com,Male,IDR,Rp 86747.,IDR
206,Josefa,Jessope,jjessope5p@imgur.com,Female,CAD,$ 73476.02,CAD
207,Lisetta,Ilyinski,lilyinski5q@imdb.com,Female,IRR,﷼ 41400.,IRR
208,Winny,Leist,wleist5r@bing.com,Female,CNY,CN¥ 72699.14,CNY
209,Sib,Maun,smaun5s@theguardian.com,Female,CNY,CN¥ 91776.64,CNY
210,Benita,Kierans,bkierans5t@goo.ne.jp,Female,PLN,zł 99005.36,PLN
211,Albrecht,Hamerton,ahamerton5u@comcast.net,Male,EUR,€ 84930.58,EUR
212,Peder,Klyn,pklyn5v@mit.edu,Male,RUB,₽. 34185.07,RUB
213,Clarke,Walshaw,cwalshaw5w@tinypic.com,Male,EUR,€ 91580.60,EUR
214,Cris,Easter,ceaster5x@bing.com,Male,BRL,R$ 75974.50,BRL
215,Roselle,Bastow,rbastow5y@comsenz.com,Female,CNY,CN¥ 84224.97,CNY
216,Marlyn,Dumberrill,mdumberrill5z@discuz.net,Polygender,HUF,Ft 69631.,HUF
217,Thom,Tungate,ttungate60@usnews.com,Male,CZK,Kč 63916.91,CZK
218,Gregoor,Kilpin,gkilpin61@umich.edu,Male,IDR,Rp 72135.,IDR
219,Ursa,Rolf,urolf62@facebook.com,Female,PHP,₱ 63146.42,PHP
220,Tripp,Vickors,tvickors63@usda.gov,Male,PHP,₱ 63268.66,PHP
221,Nero,Hartop,nhartop64@yellowpages.com,Male,EUR,€ 62588.50,EUR
222,Regan,Feehely,rfeehely65@friendfeed.com,Female,CNY,CN¥ 59150.65,CNY
223,Marijo,Bremley,mbremley66@cnet.com,Female,CNY,CN¥ 86436.43,CNY
224,Rob,Colleton,rcolleton67@slideshare.net,Male,BRL,R$ 79714.04,BRL
225,Davy,Mellody,dmellody68@weather.com,Male,CNY,CN¥ 71605.40,CNY
226,Karalee,Going,kgoing69@bizjournals.com,Female,IDR,Rp 83496.,IDR
227,Morton,Lamy,mlamy6a@weather.com,Male,NAD,N$ 82071.72,NAD
228,Tildy,Lowdes,tlowdes6b@webs.com,Female,COP,$ 54966.,COP
229,Norrie,Gurr,ngurr6c@ifeng.com,Male,PHP,₱ 56198.50,PHP
230,Bevan,Tod,btod6d@jalbum.net,Male,PHP,₱ 98820.39,PHP
231,Madeleine,Sommerling,msommerling6e@howstuffworks.com,Genderqueer,PHP,₱ 91185.12,PHP
232,Rogerio,Shortt,rshortt6f@vimeo.com,Male,UAH,₴ 83560.31,UAH
233,Torin,O'Luney,toluney6g@biglobe.ne.jp,Male,SYP,ل.س.‏ 34701.,SYP
234,Leila,Carayol,lcarayol6h@dell.com,Female,EUR,€ 84107.82,EUR
235,Rosy,Shales,rshales6i@prnewswire.com,Female,PEN,S/. 10211.85,PEN
236,Wat,Bahia,wbahia6j@samsung.com,Male,PHP,₱ 21182.44,PHP
237,Tad,Derobert,tderobert6k@biglobe.ne.jp,Male,SEK,kr 83801.50,SEK
238,Blithe,Lamberth,blamberth6l@altervista.org,Female,MKD,MKD 62629.01,MKD
239,Bruno,McCurlye,bmccurlye6m@stanford.edu,Male,BRL,R$ 21680.15,BRL
240,Avrit,Leydon,aleydon6n@t.co,Female,ALL,Lek 88905.,ALL
241,Wilow,Kagan,wkagan6o@amazonaws.com,Female,CNY,CN¥ 81331.30,CNY
242,Emmit,McKillop,emckillop6p@constantcontact.com,Male,RUB,₽. 53711.07,RUB
243,Quintin,Ovise,qovise6q@usda.gov,Male,EUR,€ 73480.98,EUR
244,Curry,Sommerton,csommerton6r@dropbox.com,Male,PLN,zł 22800.56,PLN
245,Flossy,Corringham,fcorringham6s@comsenz.com,Female,ARS,$ 68266.16,ARS
246,Luci,Cooling,lcooling6t@about.me,Female,EUR,€ 30145.95,EUR
247,Lowell,Gratland,lgratland6u@illinois.edu,Male,CNY,CN¥ 86655.64,CNY
248,Karon,Bains,kbains6v@diigo.com,Bigender,EUR,€ 57425.43,EUR
249,Catrina,McGriffin,cmcgriffin6w@sbwire.com,Female,IDR,Rp 54708.,IDR
250,Benito,Stanion,bstanion6x@e-recht24.de,Male,USD,$ 76935.66,USD
251,Odilia,Veel,oveel6y@nhs.uk,Female,IDR,Rp 74486.,IDR
253,Rooney,Fabbri,rfabbri70@google.co.jp,Male,CAD,$ 83796.74,CAD
254,Georgia,Avraham,gavraham71@jiathis.com,Female,EUR,€ 20122.58,EUR
255,Theressa,Olin,tolin72@live.com,Female,CRC,₡ 16241.,CRC
256,Neysa,Duplock,nduplock73@ezinearticles.com,Female,EUR,€ 70709.36,EUR
257,Tally,Peddowe,tpeddowe74@ted.com,Male,PLN,zł 83228.04,PLN
258,Broderick,Prate,bprate75@dion.ne.jp,Male,BDT,৳ 74518.09,BDT
259,Barn,Chazelle,bchazelle76@imgur.com,Male,IRR,﷼ 10995.,IRR
260,Lenard,Goare,lgoare77@ehow.com,Agender,CAD,$ 19235.43,CAD
261,Sadella,Matokhnin,smatokhnin78@woothemes.com,Female,CAD,$ 46746.32,CAD
262,Rodolfo,Rex,rrex79@soup.io,Male,EUR,€ 58793.46,EUR
263,Darb,Dade,ddade7a@dailymail.co.uk,Female,CDF,FrCD 71249.22,CDF
264,Irvin,Chastagnier,ichastagnier7b@tuttocitta.it,Male,IDR,Rp 12846.,IDR
265,Lucius,Bodd,lbodd7c@diigo.com,Male,AFN,؋ 99209.,AFN
266,Mitchael,Geffe,mgeffe7d@tmall.com,Male,MAD,د.م.‏ 82778.32,MAD
267,Belle,Neicho,bneicho7e@shop-pro.jp,Female,BRL,R$ 23501.69,BRL
268,Aloisia,Tollemache,atollemache7f@rediff.com,Female,RUB,₽. 35003.93,RUB
269,Grayce,Beddow,gbeddow7g@auda.org.au,Female,IDR,Rp 37670.,IDR
271,Cad,Eite,ceite7i@purevolume.com,Polygender,ALL,Lek 21444.,ALL
272,Dorrie,Higbin,dhigbin7j@cornell.edu,Agender,CNY,CN¥ 87006.85,CNY
273,Helli,Bentham,hbentham7k@slideshare.net,Female,ZAR,R 63773.57,ZAR
274,Florian,Jaynes,fjaynes7l@hugedomains.com,Male,BRL,R$ 36278.28,BRL
275,Ursa,Kippen,ukippen7m@surveymonkey.com,Female,CNY,CN¥ 19575.00,CNY
276,Colan,Benyon,cbenyon7n@ibm.com,Male,CNY,CN¥ 37218.59,CNY
277,Estevan,Bolte,ebolte7o@mozilla.org,Male,SEK,kr 71501.80,SEK
278,Denys,Beedell,dbeedell7p@techcrunch.com,Female,RUB,₽. 26906.26,RUB
279,Oswell,Domenicone,odomenicone7q@youku.com,Male,ARS,$ 10568.63,ARS
280,Cleve,Carren,ccarren7r@storify.com,Male,PLN,zł 68883.20,PLN
281,Darin,Jeannet,djeannet7s@comsenz.com,Male,IDR,Rp 29147.,IDR
282,Windham,Carlow,wcarlow7t@mediafire.com,Male,SEK,kr 77969.75,SEK
283,Carny,Evenett,cevenett7u@salon.com,Male,BRL,R$ 57732.32,BRL
284,Adrien,Satterthwaite,asatterthwaite7v@google.co.jp,Male,MUR,MURs 12000.,MUR
285,Hephzibah,Fransman,hfransman7w@smh.com.au,Female,XAF,FCFA 24544.,XAF
286,Levy,Towersey,ltowersey7x@ameblo.jp,Genderqueer,IDR,Rp 27035.,IDR
287,Delaney,Jertz,djertz7y@angelfire.com,Male,HUF,Ft 65856.,HUF
288,Rivalee,Pell,rpell7z@biglobe.ne.jp,Female,KHR,៛ 51350.97,KHR
289,Isabel,Osinin,iosinin80@vk.com,Female,RUB,₽. 81874.21,RUB
290,Mylo,Gilliam,mgilliam81@bbb.org,Male,VEF,Bs.F. 36664.24,VEF
291,Dav,Wathen,dwathen82@usgs.gov,Male,PEN,S/. 41371.43,PEN
292,Norton,Measen,nmeasen83@loc.gov,Male,CNY,CN¥ 23066.00,CNY
293,Delbert,Stoney,dstoney84@reverbnation.com,Male,IDR,Rp 41149.,IDR
294,Aida,Lantuff,alantuff85@sina.com.cn,Female,CNY,CN¥ 94390.51,CNY
295,Feodora,Canellas,fcanellas86@yolasite.com,Female,RUB,₽. 64854.87,RUB
296,Hayyim,McCree,hmccree87@omniture.com,Male,MUR,MURs 35947.,MUR
298,Emalia,McCardle,emccardle89@omniture.com,Female,HRK,kn 15605.46,HRK
299,Charlene,Burdus,cburdus8a@elegantthemes.com,Female,EUR,€ 19151.12,EUR
300,Ashly,Arlott,aarlott8b@un.org,Genderqueer,CZK,Kč 95149.78,CZK
301,Onofredo,Clyde,oclyde8c@ed.gov,Bigender,PHP,₱ 27403.75,PHP
302,Cleavland,Cordero,ccordero8d@ycombinator.com,Male,EUR,€ 97542.43,EUR
303,Evangeline,Brabbins,ebrabbins8e@craigslist.org,Female,HRK,kn 78343.77,HRK
304,Shelli,Ferencowicz,sferencowicz8f@utexas.edu,Female,CNY,CN¥ 32768.16,CNY
305,Hanan,Cowdray,hcowdray8g@yale.edu,Male,EUR,€ 56229.41,EUR
306,Henriette,Skeech,hskeech8h@ftc.gov,Female,SEK,kr 30825.75,SEK
307,Kathryn,McAne,kmcane8i@eepurl.com,Female,EUR,€ 39130.75,EUR
309,Tamarra,Pavluk,tpavluk8k@wisc.edu,Female,YER,ر.ي.‏ 37129.,YER
310,Sonnie,Klaus,sklaus8l@comcast.net,Male,CNY,CN¥ 56542.11,CNY
311,Yank,Cockshut,ycockshut8m@census.gov,Polygender,CZK,Kč 74219.17,CZK
312,Xymenes,Jollie,xjollie8n@irs.gov,Male,UAH,₴ 38675.69,UAH
313,Dalston,Brolly,dbrolly8o@comsenz.com,Male,IDR,Rp 60040.,IDR
314,Montgomery,Killoran,mkilloran8p@cornell.edu,Male,AFN,؋ 24977.,AFN
315,Engracia,Stoney,estoney8q@cdbaby.com,Female,IDR,Rp 41053.,IDR
316,Jacob,Ellerker,jellerker8r@archive.org,Male,HNL,L 20718.29,HNL
317,Freedman,Clemes,fclemes8s@wsj.com,Male,RUB,₽. 62236.01,RUB
318,Lindy,Jonson,ljonson8t@de.vu,Female,EUR,€ 43062.42,EUR
319,Gawen,Martinot,gmartinot8u@ibm.com,Male,MYR,RM 19640.81,MYR
320,Constance,Campione,ccampione8v@desdev.cn,Female,CNY,CN¥ 26477.62,CNY
321,Lilian,Bogaert,lbogaert8w@cbsnews.com,Female,JPY,￥ 12216.,JPY
322,Alie,Buard,abuard8x@last.fm,Female,MKD,MKD 51776.28,MKD
323,Grange,Southernwood,gsouthernwood8y@issuu.com,Male,EUR,€ 52125.91,EUR
324,Wenonah,Ditchfield,wditchfield8z@discuz.net,Female,EUR,€ 62318.52,EUR
325,Dido,Pallatina,dpallatina90@nymag.com,Female,IDR,Rp 13145.,IDR
326,Kaye,Bischop,kbischop91@1und1.de,Female,XOF,CFA 87367.,XOF
327,Gregg,MacNaughton,gmacnaughton92@oracle.com,Male,IDR,Rp 30927.,IDR
328,Giffy,Hemmingway,ghemmingway93@cornell.edu,Male,AFN,؋ 59182.,AFN
329,Kory,Coxwell,kcoxwell94@samsung.com,Male,USD,$ 88381.47,USD
330,Iver,Padley,ipadley95@fda.gov,Male,EUR,€ 86611.45,EUR
331,Ronnie,Lindl,rlindl96@theguardian.com,Female,EUR,€ 87167.72,EUR
332,Jimmie,Cotillard,jcotillard97@china.com.cn,Male,MDL,MDL 14517.35,MDL
333,Beverie,Mosedill,bmosedill98@patch.com,Female,VND,₫ 14337.,VND
334,Tobiah,Ruilton,truilton99@marriott.com,Male,EUR,€ 30481.34,EUR
335,Elbertina,Hammer,ehammer9a@photobucket.com,Female,CNY,CN¥ 26438.40,CNY
336,Adolphus,Lishmund,alishmund9b@github.com,Male,CAD,$ 55908.68,CAD
337,Dennis,Spacy,dspacy9c@csmonitor.com,Male,CZK,Kč 50269.55,CZK
338,Romain,Blackwood,rblackwood9d@fc2.com,Male,COP,$ 26447.,COP
339,Maddy,Noell,mnoell9e@typepad.com,Male,CNY,CN¥ 67136.64,CNY
340,Thaddeus,Pembridge,tpembridge9f@ox.ac.uk,Male,EUR,€ 96855.27,EUR
341,Jemimah,Goom,jgoom9g@prnewswire.com,Female,BRL,R$ 95287.34,BRL
342,Hyacintha,Seleway,hseleway9h@microsoft.com,Female,ARS,$ 50720.11,ARS
343,Gilda,Kaas,gkaas9i@surveymonkey.com,Female,JPY,￥ 23912.,JPY
344,Keely,Deer,kdeer9j@phpbb.com,Female,CNY,CN¥ 51317.72,CNY
345,Poul,Biskupiak,pbiskupiak9k@fema.gov,Male,CNY,CN¥ 60629.61,CNY
346,Barthel,Battrum,bbattrum9l@redcross.org,Male,COP,$ 67216.,COP
347,Jeremias,Drew,jdrew9m@theguardian.com,Bigender,IDR,Rp 76491.,IDR
348,Eric,Kinnier,ekinnier9n@usatoday.com,Male,RUB,₽. 47416.50,RUB
349,Griff,Pleass,gpleass9o@noaa.gov,Male,IDR,Rp 42532.,IDR
350,Rupert,MacCurley,rmaccurley9p@mtv.com,Male,CNY,CN¥ 90512.63,CNY
351,Tarrah,Edelheid,tedelheid9q@columbia.edu,Female,ARS,$ 36539.84,ARS
352,Benn,Knowlman,bknowlman9r@themeforest.net,Male,MDL,MDL 88446.94,MDL
353,Ettore,Milella,emilella9s@yellowpages.com,Male,IQD,د.ع.‏ 36900.,IQD
354,Michail,Katte,mkatte9t@cdbaby.com,Male,CNY,CN¥ 26710.19,CNY
355,Babita,Effnert,beffnert9u@privacy.gov.au,Female,COP,$ 30660.,COP
356,Delcina,McAneny,dmcaneny9v@ning.com,Female,USD,$ 45647.26,USD
357,Langsdon,Bartolomeu,lbartolomeu9w@theguardian.com,Agender,PHP,₱ 55493.25,PHP
358,Jacky,Rawdall,jrawdall9x@seattletimes.com,Female,CNY,CN¥ 60457.37,CNY
359,Charlotta,Jankowski,cjankowski9y@godaddy.com,Female,PHP,₱ 29494.58,PHP
360,Laureen,Meeking,lmeeking9z@dailymotion.com,Female,BOB,Bs 54347.58,BOB
361,Birgit,Cheley,bcheleya0@wiley.com,Female,RUB,₽. 14838.08,RUB
362,Mackenzie,St. John,mstjohna1@posterous.com,Male,IDR,Rp 15008.,IDR
363,Nickie,Goligly,ngoliglya2@infoseek.co.jp,Male,EUR,€ 98898.34,EUR
364,Ashley,Antrim,aantrima3@zdnet.com,Polygender,VND,₫ 64152.,VND
365,Cornell,Gladden,cgladdena4@usnews.com,Male,JPY,￥ 49293.,JPY
366,Barnaby,Oade,boadea5@earthlink.net,Male,CNY,CN¥ 57541.07,CNY
367,Galven,Bearcroft,gbearcrofta6@berkeley.edu,Male,IDR,Rp 25957.,IDR
368,Christye,Liggett,cliggetta7@seesaa.net,Female,NGN,₦ 21770.68,NGN
369,Lon,Andrzej,landrzeja8@ustream.tv,Male,SEK,kr 14843.86,SEK
371,Raphael,Townsley,rtownsleyaa@ibm.com,Male,RUB,₽. 17194.17,RUB
372,Nial,Deedes,ndeedesab@bravesites.com,Male,IDR,Rp 66219.,IDR
373,Lulita,Pittle,lpittleac@ehow.com,Agender,BGN,лв. 97138.30,BGN
374,Jacintha,Wysome,jwysomead@clickbank.net,Female,ARS,$ 57801.88,ARS
375,Alexia,Lear,alearae@engadget.com,Female,COP,$ 93399.,COP
376,Colver,Josling,cjoslingaf@pbs.org,Agender,PHP,₱ 42456.39,PHP
377,Belita,Roswarne,broswarneag@irs.gov,Female,USD,$ 35346.20,USD
378,Margot,Beckers,mbeckersah@canalblog.com,Female,EUR,€ 61327.65,EUR
379,Jennee,Joincey,jjoinceyai@weather.com,Female,GBP,£ 39192.58,GBP
380,Cesar,Robelin,crobelinaj@sakura.ne.jp,Male,KRW,₩ 55706.,KRW
381,Shantee,Maccrae,smaccraeak@cdbaby.com,Female,PHP,₱ 59077.17,PHP
382,Pepi,Landrick,plandrickal@theguardian.com,Female,EUR,€ 32136.68,EUR
383,Jean,Wemyss,jwemyssam@dagondesign.com,Male,EUR,€ 64104.46,EUR
384,Vivyanne,Frayne,vfraynean@github.com,Female,EUR,€ 44162.45,EUR
385,Sid,Spanton,sspantonao@sogou.com,Male,CNY,CN¥ 10401.40,CNY
386,Isa,Marrion,imarrionap@sogou.com,Male,YER,ر.ي.‏ 22528.,YER
387,Biron,Goodridge,bgoodridgeaq@yale.edu,Male,EGP,ج.م.‏ 49076.77,EGP
388,Penelopa,Hovert,phovertar@nyu.edu,Female,IDR,Rp 41688.,IDR
389,Maria,Wilde,mwildeas@about.me,Female,YER,ر.ي.‏ 84407.,YER
390,Claribel,Stellin,cstellinat@ted.com,Female,BRL,R$ 77353.12,BRL
391,Amalee,Pestricke,apestrickeau@theguardian.com,Female,IDR,Rp 79213.,IDR
392,Pepillo,Reckus,preckusav@msn.com,Male,CNY,CN¥ 39179.19,CNY
393,Elliott,O'Donnelly,eodonnellyaw@ning.com,Agender,CNY,CN¥ 97458.04,CNY
394,Anatollo,Stockings,astockingsax@google.co.uk,Male,PYG,₲ 47915.,PYG
395,Jeff,Habard,jhabarday@mac.com,Male,JPY,￥ 76067.,JPY
396,Caril,Alekseicik,calekseicikaz@tripadvisor.com,Female,BRL,R$ 26829.02,BRL
397,Amandie,Hacard,ahacardb0@toplist.cz,Female,COP,$ 38196.,COP
398,Colene,Leal,clealb1@cbc.ca,Female,BRL,R$ 56305.28,BRL
400,Andie,Benka,abenkab3@hatena.ne.jp,Male,PHP,₱ 46042.17,PHP
401,Giordano,Mosey,gmoseyb4@artisteer.com,Male,RUB,₽. 38546.79,RUB
402,Renie,Baughn,rbaughnb5@cdbaby.com,Female,COP,$ 96640.,COP
403,Cheslie,Toghill,ctoghillb6@icio.us,Female,PHP,₱ 53914.24,PHP
404,Berkly,Lawley,blawleyb7@163.com,Male,JMD,$ 73172.96,JMD
405,Farrand,Leaming,fleamingb8@surveymonkey.com,Female,USD,$ 86546.76,USD
406,Tadd,Muddicliffe,tmuddicliffeb9@ucla.edu,Male,CNY,CN¥ 55483.16,CNY
407,Shelby,Lorentz,slorentzba@theguardian.com,Male,BRL,R$ 59671.28,BRL
408,Warren,Poles,wpolesbb@friendfeed.com,Male,MUR,MURs 39396.,MUR
409,Winonah,Axelby,waxelbybc@etsy.com,Female,UGX,USh 67689.,UGX
410,Andonis,Gilbeart,agilbeartbd@hp.com,Male,BRL,R$ 87691.12,BRL
411,Cozmo,Iredale,ciredalebe@independent.co.uk,Male,JPY,￥ 75698.,JPY
412,Edouard,Taphouse,etaphousebf@dot.gov,Male,PEN,S/. 31396.58,PEN
413,Sharla,Gwyn,sgwynbg@friendfeed.com,Female,SYP,ل.س.‏ 54240.,SYP
414,Abie,Hirche,ahirchebh@nhs.uk,Male,UZS,UZS 50650.,UZS
415,Saraann,Garley,sgarleybi@fc2.com,Female,CNY,CN¥ 85135.20,CNY
416,Forrest,Henrych,fhenrychbj@ezinearticles.com,Male,EUR,€ 58417.78,EUR
417,Libbie,Wybourne,lwybournebk@amazon.de,Female,RUB,₽. 39072.28,RUB
418,Brook,Cadlock,bcadlockbl@php.net,Female,PLN,zł 30593.45,PLN
419,Colly,Munt,cmuntbm@deviantart.com,Female,BRL,R$ 29634.72,BRL
420,Royall,Di Franceschi,rdifranceschibn@usatoday.com,Male,SEK,kr 33445.69,SEK
421,Eddy,Dimond,edimondbo@sphinn.com,Male,EUR,€ 66579.30,EUR
422,Geoffry,Chasteau,gchasteaubp@dedecms.com,Male,UAH,₴ 56953.79,UAH
423,Vikki,Praundlin,vpraundlinbq@booking.com,Female,RUB,₽. 98546.10,RUB
424,Simone,Ferrarin,sferrarinbr@paginegialle.it,Male,EUR,€ 74508.92,EUR
425,Eziechiele,Brideoke,ebrideokebs@cornell.edu,Male,CNY,CN¥ 80547.32,CNY
426,Leland,Lebarree,llebarreebt@noaa.gov,Female,ISK,kr 65392.,ISK
427,Marne,Raithby,mraithbybu@msu.edu,Female,PHP,₱ 14681.99,PHP
428,Ravid,Gallelli,rgallellibv@mayoclinic.com,Male,MAD,د.م.‏ 92510.14,MAD
429,Joeann,Steen,jsteenbw@usda.gov,Female,IDR,Rp 46226.,IDR
430,Michail,Maslen,mmaslenbx@globo.com,Male,UAH,₴ 81746.62,UAH
431,Keene,McNair,kmcnairby@jimdo.com,Male,EUR,€ 67275.16,EUR
432,Malina,Measen,mmeasenbz@huffingtonpost.com,Female,EUR,€ 89632.55,EUR
433,Krysta,Eidelman,keidelmanc0@jiathis.com,Female,RUB,₽. 95447.37,RUB
434,Mellisa,Keson,mkesonc1@zdnet.com,Female,ARS,$ 92860.11,ARS
435,Pippa,Baiss,pbaissc2@ebay.com,Female,PHP,₱ 12524.90,PHP
436,Benoite,Swanborough,bswanboroughc3@howstuffworks.com,Female,GTQ,Q 98461.12,GTQ
437,Henka,Swateridge,hswateridgec4@gizmodo.com,Female,CNY,CN¥ 82583.60,CNY
438,Hatti,Griffe,hgriffec5@behance.net,Polygender,BRL,R$ 73345.19,BRL
439,Elvira,Streeter,estreeterc6@apple.com,Female,EUR,€ 52800.97,EUR
440,Tucky,Simonich,tsimonichc7@sohu.com,Male,CRC,₡ 25512.,CRC
441,Noelyn,Setford,nsetfordc8@usnews.com,Female,ARS,$ 75897.10,ARS
442,Virgil,Enever,veneverc9@columbia.edu,Male,SEK,kr 18340.01,SEK
443,Kin,Saffin,ksaffinca@myspace.com,Male,ZAR,R 57866.31,ZAR
444,Elton,Martyn,emartyncb@yandex.ru,Male,EUR,€ 11760.63,EUR
445,Salomo,Grouse,sgrousecc@symantec.com,Genderfluid,RUB,₽. 97519.36,RUB
446,Mortie,Stansbie,mstansbiecd@springer.com,Male,IDR,Rp 24593.,IDR
447,Fidel,De Domenicis,fdedomenicisce@seattletimes.com,Bigender,EUR,€ 98084.63,EUR
448,Dannie,Dries,ddriescf@w3.org,Male,EUR,€ 77564.45,EUR
449,Colet,Nagle,cnaglecg@wikispaces.com,Genderfluid,PHP,₱ 77965.01,PHP
450,Martainn,Zecchinii,mzecchiniich@businessweek.com,Male,CNY,CN¥ 78077.98,CNY
451,Malcolm,Bolsover,mbolsoverci@elegantthemes.com,Male,JPY,￥ 50533.,JPY
452,Simmonds,Wilcott,swilcottcj@dyndns.org,Male,CNY,CN¥ 86582.31,CNY
453,Georges,De la Harpe,gdelaharpeck@umich.edu,Male,PHP,₱ 63348.47,PHP
454,Nobie,Axup,naxupcl@tmall.com,Male,KZT,тңг. 24879.96,KZT
455,Nance,Lowther,nlowthercm@examiner.com,Female,COP,$ 81313.,COP
456,Ynes,Wiltshier,ywiltshiercn@utexas.edu,Female,COP,$ 47291.,COP
457,Donella,Andrelli,dandrellico@last.fm,Agender,EUR,€ 42707.43,EUR
458,Mollee,Richfield,mrichfieldcp@bbb.org,Female,EUR,€ 48929.06,EUR
459,Binny,Morais,bmoraiscq@google.cn,Female,PHP,₱ 76082.10,PHP
460,Meris,Pernell,mpernellcr@barnesandnoble.com,Genderfluid,EUR,€ 39519.28,EUR
461,Alayne,Dufty,aduftycs@bandcamp.com,Female,CAD,$ 65352.92,CAD
462,Perl,Posen,pposenct@smh.com.au,Female,RUB,₽. 56624.30,RUB
463,Obed,Ormonde,oormondecu@wordpress.org,Male,COP,$ 84586.,COP
464,Ram,Caddock,rcaddockcv@photobucket.com,Polygender,CNY,CN¥ 29669.57,CNY
465,Betsey,Enocksson,benockssoncw@google.it,Female,PHP,₱ 11357.68,PHP
466,Michal,Poschel,mposchelcx@tripadvisor.com,Male,CNY,CN¥ 45794.01,CNY
467,Gypsy,Badrock,gbadrockcy@reddit.com,Female,IDR,Rp 37018.,IDR
468,Barr,Severns,bsevernscz@nydailynews.com,Male,BIF,FBu 90985.,BIF
469,Larine,Claricoats,lclaricoatsd0@4shared.com,Female,IRR,﷼ 26933.,IRR
470,Adelaide,Riteley,ariteleyd1@archive.org,Female,PHP,₱ 76468.32,PHP
471,Fowler,Armatidge,farmatidged2@ihg.com,Male,IDR,Rp 21782.,IDR
472,Marney,Rudd,mruddd3@senate.gov,Female,IDR,Rp 36277.,IDR
473,Martelle,Dilnot,mdilnotd4@noaa.gov,Female,PLN,zł 48042.47,PLN
474,Perle,Johnys,pjohnysd5@hc360.com,Female,SGD,$ 23848.64,SGD
475,Lindy,Delcastel,ldelcasteld6@bbb.org,Female,CLP,$ 79372.,CLP
476,Kimble,Govey,kgoveyd7@sina.com.cn,Male,EUR,€ 57601.39,EUR
477,Fairlie,Brogan,fbrogand8@theguardian.com,Male,NOK,kr 13346.51,NOK
478,Karin,Fancy,kfancyd9@w3.org,Female,PEN,S/. 69047.74,PEN
479,Gauthier,Havik,ghavikda@163.com,Male,EUR,€ 73896.38,EUR
480,Katine,Mosby,kmosbydb@hugedomains.com,Female,EUR,€ 22819.81,EUR
481,Nedda,Lamden,nlamdendc@e-recht24.de,Female,BAM,KM 71562.28,BAM
482,Justus,Addy,jaddydd@soup.io,Male,GHS,GH₵ 65734.50,GHS
483,Genia,Roscrigg,groscriggde@geocities.jp,Female,IDR,Rp 13544.,IDR
484,Denny,Jagiela,djagieladf@github.com,Genderqueer,EUR,€ 54690.91,EUR
485,Judd,Jeffels,jjeffelsdg@prnewswire.com,Male,CNY,CN¥ 54265.46,CNY
486,Krystle,Wallworke,kwallworkedh@buzzfeed.com,Female,CNY,CN¥ 31041.64,CNY
487,Marie,Pauel,mpaueldi@amazon.co.uk,Female,CNY,CN¥ 30030.47,CNY
488,Johnathon,Belhome,jbelhomedj@imgur.com,Male,XOF,CFA 80723.,XOF
489,Isabel,Murrish,imurrishdk@ucsd.edu,Female,THB,฿ 33174.94,THB
490,Reade,Clemett,rclemettdl@jugem.jp,Male,IRR,﷼ 23462.,IRR
491,Liana,Sowman,lsowmandm@reuters.com,Female,CNY,CN¥ 94118.89,CNY
492,Malachi,Deabill,mdeabilldn@dell.com,Male,RUB,₽. 48930.27,RUB
493,Willi,Becom,wbecomdo@reverbnation.com,Male,CNY,CN¥ 66658.82,CNY
494,Camel,Harry,charrydp@biblegateway.com,Female,PLN,zł 12953.97,PLN
495,Therine,Sarson,tsarsondq@narod.ru,Female,ARS,$ 99286.04,ARS
496,Alyosha,Henniger,ahennigerdr@salon.com,Genderfluid,THB,฿ 18002.02,THB
497,Catherin,Pelzer,cpelzerds@printfriendly.com,Female,RUB,₽. 37607.23,RUB
498,Glenda,Harwick,gharwickdt@census.gov,Female,USD,$ 17456.98,USD
499,Mella,Colquite,mcolquitedu@ucsd.edu,Female,PHP,₱ 74180.45,PHP
500,Floris,Toffalo,ftoffalodv@bloglines.com,Female,BDT,৳ 42357.55,BDT
501,Prue,Peele,ppeeledw@cisco.com,Female,CNY,CN¥ 71759.03,CNY
502,Loutitia,Tonge,ltongedx@wikipedia.org,Female,JMD,$ 29794.72,JMD
503,Bea,Steely,bsteelydy@arstechnica.com,Female,USD,$ 34811.37,USD
504,Rafaelita,Denis,rdenisdz@delicious.com,Female,IDR,Rp 42199.,IDR
505,Carlee,Gatecliff,cgatecliffe0@chicagotribune.com,Female,CNY,CN¥ 55148.26,CNY
506,Fair,Caddick,fcaddicke1@hc360.com,Male,MXN,$ 18955.86,MXN
507,Kikelia,Westmore,kwestmoree2@soundcloud.com,Female,BRL,R$ 98789.52,BRL
508,Malorie,Schreiner,mschreinere3@mail.ru,Female,PHP,₱ 95344.75,PHP
509,Alejandrina,Sogg,asogge4@virginia.edu,Female,EUR,€ 61918.48,EUR
510,Jeromy,Taks,jtakse5@rambler.ru,Male,CNY,CN¥ 38826.79,CNY
511,Urban,Angrock,uangrocke6@ucoz.ru,Male,BRL,R$ 84377.62,BRL
512,Cash,Avramovic,cavramovice7@blogger.com,Male,IDR,Rp 77568.,IDR
513,Rudy,Karpov,rkarpove8@naver.com,Male,MMK,K 65798.,MMK
514,Stephanus,Gittoes,sgittoese9@yandex.ru,Male,IDR,Rp 36666.,IDR
515,Silvester,Holyland,sholylandea@sciencedirect.com,Male,SYP,ل.س.‏ 12690.,SYP
516,Ashleigh,Turfin,aturfineb@people.com.cn,Female,JPY,￥ 17017.,JPY
517,Rich,Clayworth,rclayworthec@360.cn,Male,PLN,zł 42857.36,PLN
518,Edan,Venditti,evendittied@over-blog.com,Male,IDR,Rp 11694.,IDR
519,Kirsti,Torricella,ktorricellaee@hatena.ne.jp,Female,CNY,CN¥ 69821.01,CNY
521,Joelynn,Chellingworth,jchellingwortheg@marketwatch.com,Female,PHP,₱ 18322.56,PHP
522,Glynn,Martyns,gmartynseh@google.com,Male,ALL,Lek 40861.,ALL
523,Augustine,Boggon,aboggonei@gravatar.com,Male,CNY,CN¥ 68603.88,CNY
524,Gordan,Hellin,ghellinej@latimes.com,Male,IDR,Rp 64953.,IDR
525,Hermie,Pala,hpalaek@ted.com,Male,RUB,₽. 39585.89,RUB
526,Zonda,Scohier,zscohierel@cbslocal.com,Female,UAH,₴ 77738.07,UAH
527,Wilone,Rumgay,wrumgayem@edublogs.org,Female,CZK,Kč 79408.58,CZK
528,Arlina,Colbourne,acolbourneen@nsw.gov.au,Non-binary,CNY,CN¥ 25482.05,CNY
529,Sylvan,Kimbley,skimbleyeo@va.gov,Male,CNY,CN¥ 44933.95,CNY
530,Ethan,Hyett,ehyettep@youtu.be,Male,EUR,€ 77336.29,EUR
531,Jake,O' Donohoe,jodonohoeeq@lulu.com,Male,JPY,￥ 22061.,JPY
532,Corri,Guterson,cgutersoner@sogou.com,Female,PLN,zł 73859.10,PLN
533,Waldo,Fakes,wfakeses@twitter.com,Male,PHP,₱ 51640.28,PHP
534,Denni,Farrears,dfarrearset@ask.com,Female,EUR,€ 32844.44,EUR
535,Dot,Hinstock,dhinstockeu@mozilla.org,Female,USD,$ 40230.94,USD
536,Ashbey,Shoulder,ashoulderev@umich.edu,Male,RUB,₽. 15282.31,RUB
537,Aloise,Hardy,ahardyew@hatena.ne.jp,Female,IDR,Rp 14182.,IDR
538,Emilie,Matisse,ematisseex@a8.net,Female,RUB,₽. 83933.10,RUB
539,Diego,Tabord,dtabordey@wordpress.com,Male,IDR,Rp 36917.,IDR
540,Elliot,Temlett,etemlettez@dailymotion.com,Male,IDR,Rp 90104.,IDR
541,Billi,Rozier,brozierf0@nsw.gov.au,Female,PHP,₱ 63705.54,PHP
542,Josh,Dudney,jdudneyf1@netscape.com,Male,CNY,CN¥ 56088.17,CNY
543,Wallace,Wiggington,wwiggingtonf2@odnoklassniki.ru,Male,RUB,₽. 65971.25,RUB
544,Karlen,Plampin,kplampinf3@google.cn,Polygender,EUR,€ 27832.38,EUR
545,Cally,Cartan,ccartanf4@ehow.com,Genderqueer,CNY,CN¥ 94685.74,CNY
546,Sophi,Bartelot,sbartelotf5@comcast.net,Genderfluid,EUR,€ 63950.95,EUR
547,Swen,Kelson,skelsonf6@icq.com,Male,CNY,CN¥ 36029.19,CNY
548,Elijah,Cottee,ecotteef7@dell.com,Male,CNY,CN¥ 90227.55,CNY
549,Matteo,Ivanenko,mivanenkof8@google.ru,Male,IDR,Rp 64653.,IDR
550,Kendricks,Keson,kkesonf9@odnoklassniki.ru,Male,RUB,₽. 34264.41,RUB
551,Richmound,Ortas,rortasfa@cocolog-nifty.com,Male,RUB,₽. 22724.38,RUB
552,Merell,Anthill,manthillfb@amazon.de,Male,PHP,₱ 93037.82,PHP
553,Osborne,Darbyshire,odarbyshirefc@opera.com,Male,JPY,￥ 54421.,JPY
554,Marne,Bellringer,mbellringerfd@free.fr,Female,NPR,नेरू 57236.79,NPR
555,Cathy,Dobble,cdobblefe@theguardian.com,Female,JPY,￥ 19403.,JPY
556,Nestor,Hamnett,nhamnettff@lycos.com,Male,CNY,CN¥ 41613.66,CNY
557,Aloisia,Freed,afreedfg@chicagotribune.com,Female,KZT,тңг. 55378.44,KZT
558,Faun,Muzzall,fmuzzallfh@godaddy.com,Female,XOF,CFA 75823.,XOF
559,Barby,Rolfe,brolfefi@nature.com,Female,PEN,S/. 34915.68,PEN
560,Amitie,Norman,anormanfj@twitpic.com,Polygender,CNY,CN¥ 10086.01,CNY
561,Muhammad,Andresen,mandresenfk@chronoengine.com,Male,IDR,Rp 97861.,IDR
562,Belia,Decruse,bdecrusefl@is.gd,Female,CNY,CN¥ 17666.74,CNY
563,Skell,Duckhouse,sduckhousefm@homestead.com,Male,CNY,CN¥ 28664.33,CNY
565,Mordecai,Bartusek,mbartusekfo@webs.com,Male,RUB,₽. 44512.99,RUB
566,Reyna,Victory,rvictoryfp@discovery.com,Female,CAD,$ 19677.75,CAD
567,Caye,Albrecht,calbrechtfq@webs.com,Female,CNY,CN¥ 89127.91,CNY
568,Man,Gori,mgorifr@senate.gov,Male,JPY,￥ 18226.,JPY
569,Kira,Heales,khealesfs@si.edu,Female,CNY,CN¥ 51030.03,CNY
570,Durward,Tibbotts,dtibbottsft@friendfeed.com,Male,CAD,$ 16407.95,CAD
571,Bryanty,Disbrey,bdisbreyfu@amazon.com,Male,IDR,Rp 87710.,IDR
572,Dorthy,Pearcehouse,dpearcehousefv@smugmug.com,Female,CNY,CN¥ 14822.25,CNY
573,Lanie,Allso,lallsofw@umn.edu,Agender,PLN,zł 51733.31,PLN
574,Nikolaus,Gallymore,ngallymorefx@nationalgeographic.com,Male,UAH,₴ 32858.65,UAH
575,Ladonna,Dealy,ldealyfy@list-manage.com,Bigender,CNY,CN¥ 79078.34,CNY
576,Andie,Petchell,apetchellfz@usgs.gov,Female,ZAR,R 40245.36,ZAR
577,Cacilia,Menego,cmenegog0@mashable.com,Female,XOF,CFA 13888.,XOF
578,Kippie,Ditchett,kditchettg1@vimeo.com,Male,BRL,R$ 28532.96,BRL
579,Marrilee,Cowpertwait,mcowpertwaitg2@etsy.com,Female,HRK,kn 38904.40,HRK
580,Berta,Whyman,bwhymang3@nydailynews.com,Female,RUB,₽. 94845.03,RUB
581,Erskine,Hughill,ehughillg4@list-manage.com,Male,EUR,€ 71892.60,EUR
582,Tilda,Ludron,tludrong5@dmoz.org,Polygender,NGN,₦ 31346.03,NGN
583,Millie,Aleveque,malevequeg6@umn.edu,Female,CNY,CN¥ 17285.24,CNY
585,John,Jaggs,jjaggsg8@360.cn,Male,SEK,kr 44260.09,SEK
586,Honoria,Forri,hforrig9@theglobeandmail.com,Female,SEK,kr 86477.15,SEK
588,Biron,Burston,bburstongb@simplemachines.org,Agender,SEK,kr 32713.83,SEK
589,Aloisia,Rabbet,arabbetgc@hud.gov,Female,EGP,ج.م.‏ 29266.04,EGP
590,Lucas,McGarrahan,lmcgarrahangd@netscape.com,Male,IDR,Rp 88381.,IDR
591,Noland,McKinty,nmckintyge@pagesperso-orange.fr,Male,CNY,CN¥ 58627.95,CNY
592,Seth,Mann,smanngf@icio.us,Bigender,USD,$ 50198.34,USD
593,Daniele,Fraser,dfrasergg@barnesandnoble.com,Female,IDR,Rp 56568.,IDR
594,D'arcy,Scobbie,dscobbiegh@chron.com,Male,CNY,CN¥ 64241.82,CNY
595,Weston,Childs,wchildsgi@opensource.org,Male,CNY,CN¥ 97888.38,CNY
596,Dimitry,Petri,dpetrigj@cornell.edu,Male,CNY,CN¥ 84071.36,CNY
597,Ashbey,Rushby,arushbygk@tumblr.com,Male,IDR,Rp 50758.,IDR
598,Dalia,Walton,dwaltongl@microsoft.com,Female,RSD,дин. 24151.,RSD
599,Clayborn,Wedmore.,cwedmoregm@cbsnews.com,Male,TND,د.ت.‏ 27351.245,TND
600,Helge,Harty,hhartygn@loc.gov,Female,RUB,₽. 34774.97,RUB
601,Clari,Bedford,cbedfordgo@themeforest.net,Female,IDR,Rp 86018.,IDR
602,Jenilee,Knell,jknellgp@dion.ne.jp,Genderfluid,CNY,CN¥ 32954.02,CNY
603,Shae,Josum,sjosumgq@ft.com,Male,TZS,TSh 75962.,TZS
604,Pearla,Toombes,ptoombesgr@state.tx.us,Female,CNY,CN¥ 67582.55,CNY
605,Alexina,Antrobus,aantrobusgs@google.fr,Female,PHP,₱ 58374.41,PHP
606,Phylys,Rudgley,prudgleygt@prweb.com,Female,IDR,Rp 26527.,IDR
607,Archibold,Warrener,awarrenergu@hatena.ne.jp,Male,CNY,CN¥ 32025.21,CNY
608,Legra,Cannell,lcannellgv@webmd.com,Female,IDR,Rp 46685.,IDR
609,Thorny,McGarrahan,tmcgarrahangw@wired.com,Male,IDR,Rp 55877.,IDR
610,Pryce,Martschik,pmartschikgx@youtu.be,Male,EUR,€ 42279.57,EUR
611,Lorie,Enrrico,lenrricogy@newyorker.com,Genderfluid,ARS,$ 10056.62,ARS
612,Rosalinde,Schoffel,rschoffelgz@hugedomains.com,Female,EUR,€ 75558.76,EUR
613,Obadiah,Milley,omilleyh0@artisteer.com,Male,RUB,₽. 44724.27,RUB
614,Fair,Ledes,fledesh1@topsy.com,Male,PAB,B/. 28738.40,PAB
615,Abner,Krzysztof,akrzysztofh2@ucoz.com,Male,RUB,₽. 19420.78,RUB
616,Cort,Laroze,clarozeh3@marriott.com,Male,RUB,₽. 39870.50,RUB
617,Peggy,Hunton,phuntonh4@blogspot.com,Female,EUR,€ 28701.42,EUR
619,Noami,Ather,natherh6@intel.com,Female,UAH,₴ 39409.90,UAH
620,Martha,Wolfart,mwolfarth7@ycombinator.com,Bigender,PHP,₱ 23985.91,PHP
621,Aldus,Coupland,acouplandh8@posterous.com,Male,IDR,Rp 11607.,IDR
622,Debra,Pabel,dpabelh9@exblog.jp,Female,CNY,CN¥ 72472.60,CNY
623,Fania,Serjeantson,fserjeantsonha@google.es,Female,JPY,￥ 53343.,JPY
624,Burt,Kyneton,bkynetonhb@ameblo.jp,Male,PHP,₱ 71309.05,PHP
625,Melvyn,Arundel,marundelhc@about.me,Male,CRC,₡ 70125.,CRC
626,Garrard,Westfield,gwestfieldhd@cbslocal.com,Male,ZAR,R 84736.15,ZAR
627,Shina,Buntin,sbuntinhe@ocn.ne.jp,Female,PLN,zł 87245.06,PLN
628,Marilyn,Brightie,mbrightiehf@oracle.com,Female,IDR,Rp 93595.,IDR
629,Garrek,Lockyer,glockyerhg@tamu.edu,Male,RUB,₽. 51915.53,RUB
630,Otis,Melley,omelleyhh@cam.ac.uk,Male,BDT,৳ 55256.50,BDT
631,Florina,Barlace,fbarlacehi@jiathis.com,Female,CNY,CN¥ 66971.41,CNY
632,Ilise,Buzin,ibuzinhj@comcast.net,Female,ILS,₪ 52356.37,ILS
633,Keene,Skyme,kskymehk@posterous.com,Agender,IDR,Rp 95164.,IDR
634,Trixy,Wedmore.,twedmorehl@aboutads.info,Female,IDR,Rp 18016.,IDR
635,Maible,Puttnam,mputtnamhm@msu.edu,Female,CNY,CN¥ 31333.84,CNY
636,Nevsa,Gilffillan,ngilffillanhn@wunderground.com,Female,IDR,Rp 43301.,IDR
637,Rockwell,Sundin,rsundinho@nature.com,Male,SYP,ل.س.‏ 79997.,SYP
638,Hyacintha,Juste,hjustehp@shinystat.com,Female,CNY,CN¥ 53417.47,CNY
639,Pennie,Moran,pmoranhq@techcrunch.com,Agender,CZK,Kč 15271.43,CZK
640,Hildy,Ablitt,hablitthr@slideshare.net,Female,CZK,Kč 13275.98,CZK
641,Emmanuel,Guilloneau,eguilloneauhs@ovh.net,Bigender,SEK,kr 15593.62,SEK
642,Jobina,Booth,jboothht@blogtalkradio.com,Female,BDT,৳ 97293.94,BDT
643,Gradey,Slidders,gsliddershu@weather.com,Male,MXN,$ 23339.25,MXN
644,Joane,Dayes,jdayeshv@g.co,Female,USD,$ 19713.06,USD
645,Garfield,Bunstone,gbunstonehw@newyorker.com,Male,PLN,zł 73338.30,PLN
646,Beth,Pietz,bpietzhx@seesaa.net,Female,IDR,Rp 99482.,IDR
647,Randolph,Sotham,rsothamhy@nifty.com,Male,IDR,Rp 49789.,IDR
648,Harwilll,Abbison,habbisonhz@illinois.edu,Male,CNY,CN¥ 32596.74,CNY
649,Farrell,Wilcinskis,fwilcinskisi0@nationalgeographic.com,Male,CNY,CN¥ 43835.37,CNY
650,Sallyanne,Getsham,sgetshami1@dell.com,Female,THB,฿ 12444.40,THB
651,Frances,Oller,folleri2@salon.com,Female,GHS,GH₵ 50816.33,GHS
652,Kaleb,Decruse,kdecrusei3@oaic.gov.au,Male,SEK,kr 48435.25,SEK
653,Emmit,Oakhill,eoakhilli4@phoca.cz,Male,ILS,₪ 37752.83,ILS
654,Sela,Griswood,sgriswoodi5@cpanel.net,Female,THB,฿ 21071.65,THB
655,Vanni,Mateja,vmatejai6@opensource.org,Female,EUR,€ 27401.42,EUR
656,Dede,Bartunek,dbartuneki7@china.com.cn,Female,IDR,Rp 96463.,IDR
657,Hedda,Ellissen,hellisseni8@nytimes.com,Female,CNY,CN¥ 10555.11,CNY
658,Alyda,Ziemecki,aziemeckii9@woothemes.com,Genderqueer,CNY,CN¥ 55018.57,CNY
659,Madelina,Bozworth,mbozworthia@yellowpages.com,Agender,COP,$ 41993.,COP
660,Pete,Card,pcardib@cbslocal.com,Non-binary,BWP,P 54496.35,BWP
661,Aviva,Dobney,adobneyic@freewebs.com,Female,IDR,Rp 75348.,IDR
662,Desiree,Kalker,dkalkerid@rakuten.co.jp,Female,EUR,€ 49675.87,EUR
663,Trudy,Duchan,tduchanie@wsj.com,Female,IDR,Rp 56924.,IDR
664,Cyrill,Skarin,cskarinif@virginia.edu,Genderqueer,IDR,Rp 17760.,IDR
665,Dwayne,Huikerby,dhuikerbyig@mlb.com,Male,EUR,€ 62624.53,EUR
666,Jandy,St. Pierre,jstpierreih@wikimedia.org,Female,CNY,CN¥ 51568.87,CNY
667,Obed,Denzilow,odenzilowii@bandcamp.com,Male,PHP,₱ 97120.88,PHP
668,Kalie,Shoosmith,kshoosmithij@discuz.net,Female,MKD,MKD 56383.05,MKD
669,Moll,Molines,mmolinesik@prweb.com,Female,NGN,₦ 63089.47,NGN
670,Hermie,Gallager,hgallageril@merriam-webster.com,Male,JPY,￥ 73139.,JPY
671,Norby,Seppey,nseppeyim@google.com.hk,Male,PLN,zł 37682.18,PLN
672,Townie,Hessle,thesslein@goodreads.com,Male,UZS,UZS 53331.,UZS
673,Nadiya,Mille,nmilleio@apple.com,Female,IDR,Rp 88629.,IDR
674,Nissie,Rames,nramesip@latimes.com,Female,IDR,Rp 64618.,IDR
675,Erina,Worland,eworlandiq@examiner.com,Female,EUR,€ 86723.70,EUR
676,Gay,Feeney,gfeeneyir@networksolutions.com,Female,IDR,Rp 76605.,IDR
677,Weidar,Crowder,wcrowderis@washingtonpost.com,Male,MXN,$ 26252.82,MXN
678,Coreen,Raywood,craywoodit@prnewswire.com,Female,PHP,₱ 46935.27,PHP
679,Constantino,Barajaz,cbarajaziu@tmall.com,Male,DOP,RD$ 57635.82,DOP
680,Barbie,Holdin,bholdiniv@bbc.co.uk,Female,ARS,$ 47215.46,ARS
681,Selie,Sara,ssaraiw@apple.com,Female,PLN,zł 51635.74,PLN
682,Kenneth,Matterson,kmattersonix@mail.ru,Male,PLN,zł 13272.90,PLN
683,Parsifal,Legier,plegieriy@wikimedia.org,Male,JPY,￥ 17130.,JPY
684,Carmine,Veschambes,cveschambesiz@woothemes.com,Male,CZK,Kč 58091.36,CZK
685,Rhianon,Buttrum,rbuttrumj0@businessinsider.com,Female,PHP,₱ 70154.81,PHP
686,Leanor,Tibols,ltibolsj1@nbcnews.com,Female,CNY,CN¥ 29934.99,CNY
687,Leoline,Pritchitt,lpritchittj2@t-online.de,Female,JPY,￥ 98223.,JPY
688,Beau,Trice,btricej3@xrea.com,Male,JPY,￥ 94220.,JPY
689,Ludwig,Tomala,ltomalaj4@last.fm,Male,BGN,лв. 15155.91,BGN
690,Nannette,Kibby,nkibbyj5@hugedomains.com,Female,IRR,﷼ 18361.,IRR
691,Elia,Clingan,eclinganj6@webnode.com,Male,IDR,Rp 78406.,IDR
692,Lorne,Lynskey,llynskeyj7@sfgate.com,Female,EUR,€ 24640.82,EUR
693,Lura,Elce,lelcej8@google.ca,Agender,RUB,₽. 56282.42,RUB
694,Colet,Woolmington,cwoolmingtonj9@xing.com,Male,ZAR,R 31275.48,ZAR
695,Merna,Eddleston,meddlestonja@si.edu,Female,VEF,Bs.F. 65330.94,VEF
696,Alayne,Skade,askadejb@yellowbook.com,Agender,EUR,€ 10578.47,EUR
697,Velvet,Ewbanke,vewbankejc@jalbum.net,Female,NIO,C$ 10410.73,NIO
698,Ailina,Sudlow,asudlowjd@myspace.com,Female,PEN,S/. 70313.60,PEN
699,Archibold,McClenaghan,amcclenaghanje@tripadvisor.com,Male,IDR,Rp 35984.,IDR
700,Erie,Entreis,eentreisjf@earthlink.net,Bigender,MAD,د.م.‏ 10796.04,MAD
701,Ann-marie,Linney,alinneyjg@japanpost.jp,Female,XOF,CFA 84319.,XOF
702,Ignace,Greasley,igreasleyjh@pinterest.com,Non-binary,CNY,CN¥ 84490.90,CNY
703,Anatola,Alabaster,aalabasterji@hc360.com,Female,NGN,₦ 58544.88,NGN
704,Audrye,Rivett,arivettjj@home.pl,Female,SOS,Ssh 92445.,SOS
705,Analiese,Presnail,apresnailjk@reddit.com,Female,ALL,Lek 36488.,ALL
706,Emmeline,Drewitt,edrewittjl@lycos.com,Female,CDF,FrCD 19388.89,CDF
707,Rriocard,Plumridege,rplumridegejm@unc.edu,Male,TZS,TSh 53000.,TZS
708,Dorey,Tees,dteesjn@hibu.com,Male,IDR,Rp 67050.,IDR
709,Abelard,Loche,alochejo@redcross.org,Male,XOF,CFA 33427.,XOF
710,Mandy,Jeacop,mjeacopjp@dot.gov,Female,PHP,₱ 68787.92,PHP
711,Farlee,Schanke,fschankejq@wikia.com,Male,CNY,CN¥ 80652.65,CNY
712,Veradis,Latimer,vlatimerjr@macromedia.com,Female,PLN,zł 44246.04,PLN
713,Genovera,Goad,ggoadjs@bing.com,Female,MXN,$ 13711.50,MXN
714,Essa,Windridge,ewindridgejt@loc.gov,Female,CNY,CN¥ 69983.03,CNY
715,Evin,Cheesley,echeesleyju@taobao.com,Bigender,IDR,Rp 64445.,IDR
716,Caroljean,Oxteby,coxtebyjv@wikimedia.org,Female,PHP,₱ 12725.62,PHP
717,Alfie,Dewdney,adewdneyjw@intel.com,Male,CAD,$ 43190.31,CAD
718,Jori,Rawles,jrawlesjx@loc.gov,Female,JPY,￥ 78276.,JPY
719,Collie,Menicomb,cmenicombjy@ovh.net,Agender,ILS,₪ 58628.15,ILS
720,Fara,Rigard,frigardjz@stumbleupon.com,Female,PHP,₱ 91225.74,PHP
721,Carin,Phelit,cphelitk0@elpais.com,Female,USD,$ 37920.54,USD
722,Haslett,Gloucester,hgloucesterk1@domainmarket.com,Male,JPY,￥ 57928.,JPY
723,Nicolle,Helks,nhelksk2@ca.gov,Female,CNY,CN¥ 70100.31,CNY
724,Ivor,Scrowson,iscrowsonk3@yelp.com,Male,BRL,R$ 75473.34,BRL
725,Orlan,McCritchie,omccritchiek4@multiply.com,Male,SEK,kr 93180.08,SEK
726,Leontine,Ayre,layrek5@privacy.gov.au,Female,MXN,$ 40015.26,MXN
728,Revkah,Knevett,rknevettk7@jugem.jp,Female,PLN,zł 19522.85,PLN
729,Lolly,Senechell,lsenechellk8@ezinearticles.com,Female,PHP,₱ 39008.79,PHP
730,Archibald,Haggish,ahaggishk9@imdb.com,Male,PLN,zł 57808.72,PLN
731,Adella,Loseby,alosebyka@accuweather.com,Female,CNY,CN¥ 19276.52,CNY
732,Rafe,Tubble,rtubblekb@devhub.com,Male,EUR,€ 60665.92,EUR
733,Freida,Keitley,fkeitleykc@google.pl,Genderfluid,CZK,Kč 33100.25,CZK
734,Cyril,Rego,cregokd@storify.com,Male,IDR,Rp 74962.,IDR
735,Gabrila,Cashford,gcashfordke@ning.com,Female,HNL,L 15118.77,HNL
736,Wilhelm,Hearnden,whearndenkf@canalblog.com,Male,PLN,zł 96833.09,PLN
737,Hollis,Aldred,haldredkg@mozilla.com,Male,CNY,CN¥ 23110.76,CNY
738,Caty,Lindenbaum,clindenbaumkh@google.de,Female,CNY,CN¥ 76865.34,CNY
739,Delmer,Golsby,dgolsbyki@youtube.com,Male,CNY,CN¥ 85941.20,CNY
740,Siward,Kingscote,skingscotekj@tinyurl.com,Male,EUR,€ 39987.54,EUR
741,Helsa,Child,hchildkk@storify.com,Female,USD,$ 26309.32,USD
742,Jaclyn,Jerzycowski,jjerzycowskikl@xinhuanet.com,Female,AFN,؋ 98070.,AFN
743,Mil,Groome,mgroomekm@trellian.com,Female,CNY,CN¥ 64390.25,CNY
744,Lance,Duffit,lduffitkn@cmu.edu,Non-binary,IDR,Rp 25291.,IDR
745,Rosette,Phelit,rphelitko@blog.com,Female,NGN,₦ 65388.47,NGN
746,Katrina,Zimmer,kzimmerkp@printfriendly.com,Female,UAH,₴ 32864.19,UAH
747,Sarette,Bisterfeld,sbisterfeldkq@china.com.cn,Female,USD,$ 20932.79,USD
748,Elvin,Goulborn,egoulbornkr@oracle.com,Male,AFN,؋ 29801.,AFN
749,Coletta,Kiernan,ckiernanks@ameblo.jp,Female,IDR,Rp 41025.,IDR
750,Amberly,Rosenberg,arosenbergkt@timesonline.co.uk,Female,MXN,$ 82864.99,MXN
752,Sayers,Strippling,sstripplingkv@123-reg.co.uk,Male,CNY,CN¥ 54381.21,CNY
753,Reinhard,Rumford,rrumfordkw@home.pl,Male,KES,Ksh 88988.80,KES
754,Vivi,Stoad,vstoadkx@ifeng.com,Female,CNY,CN¥ 54749.25,CNY
755,Emlynne,Douris,edourisky@gravatar.com,Female,BRL,R$ 78504.03,BRL
756,Rutter,Beslier,rbeslierkz@imgur.com,Male,IDR,Rp 37898.,IDR
757,Fielding,Lamble,flamblel0@bravesites.com,Male,RUB,₽. 56386.37,RUB
758,Oren,Glazzard,oglazzardl1@nifty.com,Male,IDR,Rp 40860.,IDR
759,Sawyere,Brockman,sbrockmanl2@nhs.uk,Male,NIO,C$ 78211.71,NIO
760,Dot,Sjostrom,dsjostroml3@hexun.com,Female,EUR,€ 92114.12,EUR
761,Beau,Netherwood,bnetherwoodl4@i2i.jp,Male,PLN,zł 10491.54,PLN
762,Birgitta,Mulberry,bmulberryl5@altervista.org,Female,MUR,MURs 31179.,MUR
763,Beaufort,Touhig,btouhigl6@ebay.co.uk,Male,CNY,CN¥ 72620.29,CNY
764,Guthrey,Copcote,gcopcotel7@elegantthemes.com,Male,ZAR,R 53329.62,ZAR
765,Nikolaos,Duke,ndukel8@google.ca,Male,USD,$ 32863.48,USD
766,Candace,Arias,cariasl9@yolasite.com,Female,EUR,€ 83520.95,EUR
767,Tyne,Barsham,tbarshamla@imdb.com,Female,CNY,CN¥ 89116.74,CNY
768,Gabie,Driutti,gdriuttilb@yellowbook.com,Female,VND,₫ 22166.,VND
769,Kincaid,Dubock,kdubocklc@newsvine.com,Male,EUR,€ 68155.31,EUR
770,Mona,Buttrick,mbuttrickld@g.co,Female,IDR,Rp 31630.,IDR
771,Maisey,O'Logan,mologanle@webeden.co.uk,Female,BRL,R$ 37182.04,BRL
772,Hermie,Gaul,hgaullf@va.gov,Polygender,ETB,Br 26349.07,ETB
773,Karrah,Gentil,kgentillg@weather.com,Female,CNY,CN¥ 97545.08,CNY
774,Karoly,Coldtart,kcoldtartlh@skyrock.com,Male,BGN,лв. 44528.64,BGN
775,Faydra,Alvarado,falvaradoli@drupal.org,Female,CZK,Kč 45111.26,CZK
776,Giffy,Bonniface,gbonnifacelj@photobucket.com,Male,KZT,тңг. 67056.79,KZT
777,Eva,Ganter,eganterlk@google.com.hk,Female,IDR,Rp 74495.,IDR
778,Bettina,O'Crigan,bocriganll@myspace.com,Female,CNY,CN¥ 33971.27,CNY
779,Iggie,Haddon,ihaddonlm@amazon.de,Male,IDR,Rp 22290.,IDR
780,Auberon,Phethean,aphetheanln@tmall.com,Male,PHP,₱ 83235.01,PHP
781,Carley,Franscioni,cfranscionilo@typepad.com,Female,MAD,د.م.‏ 64734.67,MAD
782,Melli,Paule,mpaulelp@google.fr,Female,IDR,Rp 65895.,IDR
783,Waylon,Davley,wdavleylq@reddit.com,Male,VND,₫ 23642.,VND
784,Georas,Rannie,grannielr@hibu.com,Genderqueer,MKD,MKD 24588.98,MKD
785,Randy,Raulstone,rraulstonels@taobao.com,Female,COP,$ 19098.,COP
786,Kennie,Blaylock,kblaylocklt@github.com,Male,CNY,CN¥ 26949.57,CNY
787,Erasmus,Rosander,erosanderlu@dot.gov,Bigender,EUR,€ 30603.55,EUR
788,Ophelie,Brundrett,obrundrettlv@usa.gov,Non-binary,PLN,zł 42117.70,PLN
789,My,Smaile,msmailelw@themeforest.net,Male,JPY,￥ 61002.,JPY
790,Ida,Shimmans,ishimmanslx@bloglovin.com,Female,CNY,CN¥ 25655.10,CNY
791,Oliver,O'Driscoll,oodriscollly@imageshack.us,Male,EUR,€ 92088.60,EUR
792,Dolly,Maccrie,dmaccrielz@vistaprint.com,Female,PLN,zł 56929.28,PLN
793,Wandis,Weyman,wweymanm0@washington.edu,Female,BOB,Bs 96343.16,BOB
794,Anderson,Picard,apicardm1@cmu.edu,Male,EUR,€ 49076.22,EUR
795,Galvan,Nickell,gnickellm2@dailymotion.com,Male,UAH,₴ 24284.27,UAH
796,Erny,Dench,edenchm3@msn.com,Male,XOF,CFA 49773.,XOF
797,Amandie,Broske,abroskem4@ed.gov,Female,IDR,Rp 20677.,IDR
798,Nero,Oller,nollerm5@state.gov,Male,XAF,FCFA 18810.,XAF
799,Vincenty,Coleford,vcolefordm6@yellowbook.com,Male,EUR,€ 49580.66,EUR
800,Anna-maria,Elman,aelmanm7@geocities.com,Female,MXN,$ 88192.08,MXN
801,Hoyt,Langstone,hlangstonem8@businessinsider.com,Male,CNY,CN¥ 20295.47,CNY
802,Cathryn,Bletcher,cbletcherm9@npr.org,Female,SEK,kr 33970.21,SEK
803,Benjamen,Kester,bkesterma@twitpic.com,Male,MGA,MGA 47654.,MGA
804,Hobey,Bennitt,hbennittmb@list-manage.com,Male,COP,$ 24818.,COP
805,Jaclyn,Kornas,jkornasmc@blogger.com,Female,PLN,zł 82796.45,PLN
806,Stephi,Bartalot,sbartalotmd@mashable.com,Female,EUR,€ 62735.60,EUR
807,Ellwood,Coxall,ecoxallme@shop-pro.jp,Male,CAD,$ 63316.79,CAD
808,Janek,Presman,jpresmanmf@delicious.com,Male,NOK,kr 80743.44,NOK
809,Clint,Gravestone,cgravestonemg@hostgator.com,Male,EUR,€ 39454.17,EUR
810,Bret,Kluss,bklussmh@aol.com,Male,PHP,₱ 40902.11,PHP
811,Seward,Hardiker,shardikermi@mysql.com,Male,BRL,R$ 35760.36,BRL
812,Norene,Houlworth,nhoulworthmj@howstuffworks.com,Female,PLN,zł 75199.83,PLN
813,Vonnie,Callington,vcallingtonmk@sciencedaily.com,Female,TRY,TL 84370.50,TRY
814,Sky,Poyner,spoynerml@sciencedirect.com,Male,PHP,₱ 33836.12,PHP
815,Germana,Mac Geaney,gmacgeaneymm@tinypic.com,Female,CNY,CN¥ 36497.35,CNY
816,Andonis,Garroch,agarrochmn@latimes.com,Polygender,IRR,﷼ 99536.,IRR
817,Raimund,Alexsandrev,ralexsandrevmo@t-online.de,Male,USD,$ 18375.58,USD
818,Ewan,Reichardt,ereichardtmp@blogspot.com,Male,IDR,Rp 58056.,IDR
819,Nikki,Valentino,nvalentinomq@arstechnica.com,Male,CNY,CN¥ 76793.14,CNY
820,Christa,Landeg,clandegmr@shop-pro.jp,Female,CRC,₡ 26836.,CRC
821,Siana,Coleyshaw,scoleyshawms@mysql.com,Female,CNY,CN¥ 40241.18,CNY
822,Andeee,Nevitt,anevittmt@buzzfeed.com,Female,EUR,€ 36851.97,EUR
823,Elberta,Ragge,eraggemu@google.ca,Female,KWD,د.ك.‏ 27541.538,KWD
824,Van,Kiezler,vkiezlermv@canalblog.com,Female,IDR,Rp 56594.,IDR
825,Rodrigo,Jager,rjagermw@pen.io,Male,SEK,kr 18932.02,SEK
827,Lemmie,Rea,lreamy@forbes.com,Male,MKD,MKD 87771.75,MKD
828,Bertina,Stark,bstarkmz@xing.com,Female,IRR,﷼ 97057.,IRR
829,Lutero,Moggie,lmoggien0@fastcompany.com,Male,UAH,₴ 89061.36,UAH
830,Isa,Dotterill,idotterilln1@mail.ru,Male,MXN,$ 75468.00,MXN
831,Rhody,Christescu,rchristescun2@linkedin.com,Female,PLN,zł 90321.13,PLN
832,Lexis,Kender,lkendern3@hp.com,Female,EUR,€ 50331.52,EUR
833,Rik,Yancey,ryanceyn4@independent.co.uk,Non-binary,EUR,€ 70458.29,EUR
834,Theressa,Gartan,tgartann5@baidu.com,Female,PHP,₱ 58824.37,PHP
835,Tallie,Whiteland,twhitelandn6@cdc.gov,Female,IDR,Rp 11172.,IDR
836,Christina,Aleksic,caleksicn7@fema.gov,Female,SEK,kr 17545.13,SEK
837,Karissa,Bothe,kbothen8@intel.com,Polygender,CNY,CN¥ 39348.47,CNY
838,Karrah,Adderley,kadderleyn9@wunderground.com,Female,NGN,₦ 51136.94,NGN
839,Chico,Roome,croomena@usa.gov,Male,PEN,S/. 75337.76,PEN
840,Gannon,Paula,gpaulanb@theglobeandmail.com,Male,MGA,MGA 72695.,MGA
841,Pasquale,Kitto,pkittonc@alexa.com,Genderfluid,IDR,Rp 73139.,IDR
842,Karry,Bohan,kbohannd@angelfire.com,Female,PYG,₲ 94112.,PYG
843,Sibella,Plaunch,splaunchne@ihg.com,Female,CNY,CN¥ 61385.11,CNY
844,Ailey,Doughton,adoughtonnf@pen.io,Female,EUR,€ 72768.89,EUR
845,Pearce,Le land,plelandng@cdc.gov,Male,THB,฿ 14687.24,THB
846,Koren,Koenen,kkoenennh@ibm.com,Female,UAH,₴ 57310.62,UAH
847,Martelle,Follows,mfollowsni@blinklist.com,Female,EUR,€ 38876.35,EUR
848,Jeanine,Hayselden,jhayseldennj@npr.org,Female,PHP,₱ 89396.54,PHP
849,Hobard,Dellenbrok,hdellenbroknk@163.com,Male,EUR,€ 20704.55,EUR
850,Mervin,Boatwright,mboatwrightnl@icio.us,Male,IDR,Rp 56009.,IDR
851,Westbrook,Knapper,wknappernm@feedburner.com,Male,CNY,CN¥ 53602.35,CNY
852,Ruth,Klamp,rklampnn@nbcnews.com,Female,EUR,€ 88444.46,EUR
853,Barry,McGray,bmcgrayno@skype.com,Female,CNY,CN¥ 24180.70,CNY
854,Debora,Boyd,dboydnp@guardian.co.uk,Female,CNY,CN¥ 52423.81,CNY
855,Jillene,Gillicuddy,jgillicuddynq@github.com,Agender,EUR,€ 69292.13,EUR
857,Doll,Chestnut,dchestnutns@sitemeter.com,Female,HUF,Ft 43175.,HUF
858,Dael,Sheldrick,dsheldricknt@goodreads.com,Male,CNY,CN¥ 78580.53,CNY
859,Freeman,Langforth,flangforthnu@gov.uk,Male,CNY,CN¥ 94705.98,CNY
860,Chevy,Sappson,csappsonnv@joomla.org,Male,CNY,CN¥ 45791.88,CNY
861,Kasper,Prall,kprallnw@toplist.cz,Male,THB,฿ 76756.68,THB
862,Mick,Yashin,myashinnx@spiegel.de,Male,PHP,₱ 69232.53,PHP
863,Dan,Rival,drivalny@businesswire.com,Male,USD,$ 94194.24,USD
864,Towny,Pengilly,tpengillynz@squidoo.com,Male,PKR,₨ 24965.,PKR
865,Hettie,Izod,hizodo0@pinterest.com,Genderfluid,IDR,Rp 70135.,IDR
866,Elva,Hayhow,ehayhowo1@webs.com,Female,DOP,RD$ 28595.43,DOP
867,Orelie,Tarquinio,otarquinioo2@google.co.jp,Female,EUR,€ 59839.95,EUR
868,Gale,Fosdyke,gfosdykeo3@pagesperso-orange.fr,Male,USD,$ 47103.10,USD
870,Kimball,Hugill,khugillo5@illinois.edu,Male,EUR,€ 58773.83,EUR
871,Gregor,Hamblington,ghamblingtono6@meetup.com,Male,HRK,kn 73179.67,HRK
872,Ara,Gartan,agartano7@hc360.com,Male,UAH,₴ 18963.71,UAH
873,Neda,Pietzke,npietzkeo8@fema.gov,Female,USD,$ 50314.78,USD
875,Boone,Bowen,bbowenoa@themeforest.net,Male,PLN,zł 86543.10,PLN
876,Lamar,Kintzel,lkintzelob@mapquest.com,Male,CNY,CN¥ 20723.65,CNY
877,Ketty,Bastin,kbastinoc@mozilla.com,Female,AZN,ман. 47357.81,AZN
878,Edwin,Sheen,esheenod@elegantthemes.com,Male,RUB,₽. 61025.14,RUB
879,Prince,Durrant,pdurrantoe@1und1.de,Male,SEK,kr 25137.95,SEK
880,Kirsti,McPhilip,kmcphilipof@liveinternet.ru,Female,NGN,₦ 63852.83,NGN
882,Olly,Risen,orisenoh@multiply.com,Male,LTL,Lt 23834.36,LTL
883,Milli,Boddy,mboddyoi@topsy.com,Female,IDR,Rp 82411.,IDR
884,Teddi,Carter,tcarteroj@apache.org,Agender,GHS,GH₵ 43289.12,GHS
885,Ingrim,Beedie,ibeedieok@lulu.com,Male,VEF,Bs.F. 71797.93,VEF
886,Tadd,Bidmead,tbidmeadol@clickbank.net,Male,AMD,դր. 41789.,AMD
887,Alia,Jeacock,ajeacockom@google.ru,Female,CNY,CN¥ 29850.24,CNY
888,Jacques,McNair,jmcnairon@ftc.gov,Male,PHP,₱ 43118.08,PHP
889,Ciel,Marshallsay,cmarshallsayoo@go.com,Female,AMD,դր. 15306.,AMD
890,Reg,Lillo,rlilloop@ihg.com,Genderqueer,NOK,kr 54531.30,NOK
891,Virgilio,Flarity,vflarityoq@cdc.gov,Male,IDR,Rp 59759.,IDR
892,Milo,Allmond,mallmondor@yellowbook.com,Male,PLN,zł 13590.05,PLN
893,Ker,Dradey,kdradeyos@discuz.net,Male,CNY,CN¥ 89580.65,CNY
894,Johna,Ince,jinceot@engadget.com,Female,CNY,CN¥ 26757.09,CNY
895,Gal,Somers,gsomersou@addtoany.com,Male,EUR,€ 36264.58,EUR
896,Mercie,Crowth,mcrowthov@vkontakte.ru,Female,TND,د.ت.‏ 29315.548,TND
897,Elwin,Attewill,eattewillow@ifeng.com,Male,IDR,Rp 78110.,IDR
898,Querida,Brecher,qbrecherox@gizmodo.com,Female,VEF,Bs.F. 26839.98,VEF
899,Bruis,Greenlies,bgreenliesoy@printfriendly.com,Male,PLN,zł 83794.84,PLN
900,Curcio,Bedwell,cbedwelloz@bloglines.com,Male,HNL,L 41710.30,HNL
901,Dacey,Haney,dhaneyp0@spotify.com,Female,RSD,дин. 15084.,RSD
902,Cynthy,Deem,cdeemp1@unblog.fr,Female,BRL,R$ 73138.49,BRL
903,Thorin,Lawless,tlawlessp2@bing.com,Male,USD,$ 92266.49,USD
904,Josias,Richly,jrichlyp3@unesco.org,Male,CNY,CN¥ 96605.56,CNY
905,Rowe,MacKintosh,rmackintoshp4@opera.com,Female,IQD,د.ع.‏ 46653.,IQD
906,Brian,Emig,bemigp5@ifeng.com,Male,AZN,ман. 79859.13,AZN
907,Alikee,Merriment,amerrimentp6@whitehouse.gov,Female,TND,د.ت.‏ 51962.049,TND
908,Noni,Oleszkiewicz,noleszkiewiczp7@newyorker.com,Female,EUR,€ 21505.68,EUR
909,Kettie,Hasley,khasleyp8@dyndns.org,Female,MKD,MKD 12211.97,MKD
910,Sonni,Avraam,savraamp9@foxnews.com,Female,ALL,Lek 45711.,ALL
911,Gardie,Auton,gautonpa@china.com.cn,Male,CNY,CN¥ 96736.39,CNY
912,Antonietta,MacAnelley,amacanelleypb@illinois.edu,Female,RUB,₽. 50244.28,RUB
913,Yvette,Gore,ygorepc@cbslocal.com,Genderfluid,TZS,TSh 69942.,TZS
914,Kennan,Freire,kfreirepd@freewebs.com,Male,EUR,€ 49873.93,EUR
915,Eda,Triggs,etriggspe@about.me,Female,KMF,FC 34707.,KMF
916,Austen,Howselee,ahowseleepf@umn.edu,Agender,XAF,FCFA 26210.,XAF
917,Otho,Stockey,ostockeypg@trellian.com,Male,CZK,Kč 35505.10,CZK
918,Lucita,Tineman,ltinemanph@bizjournals.com,Polygender,USD,$ 34304.49,USD
919,Cyndie,Glascott,cglascottpi@globo.com,Female,VEF,Bs.F. 93798.25,VEF
920,Arabelle,Rasper,arasperpj@netvibes.com,Female,PHP,₱ 25786.89,PHP
921,Ida,Cough,icoughpk@tuttocitta.it,Non-binary,GEL,GEL 23920.98,GEL
922,Letta,Gavagan,lgavaganpl@columbia.edu,Female,MXN,$ 13405.42,MXN
923,Celie,Pegden,cpegdenpm@xrea.com,Female,USD,$ 41596.95,USD
924,Winny,Cohr,wcohrpn@skyrock.com,Female,EUR,€ 38808.99,EUR
925,Lorine,McGuirk,lmcguirkpo@nsw.gov.au,Female,NGN,₦ 15272.30,NGN
926,Ignace,Balle,iballepp@berkeley.edu,Male,RUB,₽. 94818.05,RUB
927,Walton,Cessford,wcessfordpq@cafepress.com,Genderfluid,CNY,CN¥ 66803.70,CNY
928,Stephan,Whear,swhearpr@bandcamp.com,Male,USD,$ 83486.45,USD
929,Lenore,Hussy,lhussyps@ca.gov,Female,LBP,ل.ل.‏ 67572.,LBP
930,Celinda,Stanborough,cstanboroughpt@google.nl,Female,CHF,CHF 87333.18,CHF
931,Frans,Whiteway,fwhitewaypu@yellowbook.com,Male,CNY,CN¥ 42440.03,CNY
932,Marlow,Stirman,mstirmanpv@virginia.edu,Male,JPY,￥ 44271.,JPY
933,Joela,Jertz,jjertzpw@live.com,Female,IDR,Rp 62014.,IDR
934,Meghann,Colleton,mcolletonpx@tumblr.com,Female,USD,$ 74606.77,USD
935,Haleigh,De Biaggi,hdebiaggipy@shareasale.com,Female,BAM,KM 31633.81,BAM
936,Shawn,Venable,svenablepz@clickbank.net,Female,CNY,CN¥ 11062.96,CNY
937,Dannie,Caville,dcavilleq0@elegantthemes.com,Female,PLN,zł 36270.42,PLN
938,Garner,Kerss,gkerssq1@google.ru,Male,CNY,CN¥ 81094.31,CNY
939,Micah,Bradfield,mbradfieldq2@umn.edu,Male,AMD,դր. 14279.,AMD
940,Aubrie,Matelaitis,amatelaitisq3@aol.com,Female,MKD,MKD 97247.39,MKD
941,Midge,Langton,mlangtonq4@yolasite.com,Agender,COP,$ 64488.,COP
942,Saree,Pogue,spogueq5@bandcamp.com,Female,EUR,€ 89291.74,EUR
943,Glenna,Porritt,gporrittq6@pagesperso-orange.fr,Bigender,IDR,Rp 13361.,IDR
944,Genia,Ruzic,gruzicq7@army.mil,Female,PLN,zł 81750.25,PLN
945,Hedy,Kealy,hkealyq8@hp.com,Female,CNY,CN¥ 69652.02,CNY
946,Misha,Scrace,mscraceq9@ask.com,Female,CNY,CN¥ 28900.64,CNY
947,Yorke,Hencke,yhenckeqa@rediff.com,Male,IRR,﷼ 41023.,IRR
948,Melosa,Audibert,maudibertqb@ucoz.com,Female,CNY,CN¥ 92330.60,CNY
949,Cordula,Blythe,cblytheqc@yahoo.co.jp,Female,IDR,Rp 51432.,IDR
950,Sarena,Fruchon,sfruchonqd@amazonaws.com,Female,UYU,$ 52780.71,UYU
951,Jacinta,Meikle,jmeikleqe@constantcontact.com,Female,COP,$ 47554.,COP
952,Mendy,Eccleshare,meccleshareqf@amazon.co.jp,Male,PLN,zł 96483.59,PLN
953,Fred,Nassy,fnassyqg@indiatimes.com,Non-binary,ARS,$ 27481.73,ARS
954,Ashely,Tax,ataxqh@yolasite.com,Female,NIO,C$ 54132.08,NIO
955,Barnie,Benninger,bbenningerqi@t-online.de,Male,IQD,د.ع.‏ 22361.,IQD
956,Isidro,Redier,iredierqj@slate.com,Male,CNY,CN¥ 96405.36,CNY
957,Lyn,Grinyakin,lgrinyakinqk@pen.io,Bigender,BRL,R$ 71808.27,BRL
958,Sal,Tilston,stilstonql@1und1.de,Female,XAF,FCFA 43371.,XAF
959,Francisco,Benedyktowicz,fbenedyktowiczqm@woothemes.com,Male,MGA,MGA 54779.,MGA
960,Jeanie,Dadley,jdadleyqn@cornell.edu,Female,CNY,CN¥ 36482.44,CNY
961,Hephzibah,Selly,hsellyqo@smh.com.au,Female,SEK,kr 88989.25,SEK
962,Lacie,Radin,lradinqp@nature.com,Female,RUB,₽. 81077.64,RUB
963,Zackariah,Novic,znovicqq@myspace.com,Male,ARS,$ 12503.87,ARS
965,Madelon,Capponeer,mcapponeerqs@joomla.org,Female,EUR,€ 25619.47,EUR
966,Desmond,Maylour,dmaylourqt@wiley.com,Male,EUR,€ 30531.76,EUR
967,Weylin,Plume,wplumequ@engadget.com,Male,CNY,CN¥ 64690.17,CNY
968,Flory,Roper,froperqv@t-online.de,Male,MKD,MKD 76492.87,MKD
969,Cristiano,Dilston,cdilstonqw@symantec.com,Male,USD,$ 53328.09,USD
970,Michel,Eskrigg,meskriggqx@netlog.com,Male,VND,₫ 73701.,VND
971,Janetta,Raeside,jraesideqy@github.com,Female,KZT,тңг. 41066.52,KZT
972,Ike,Ondra,iondraqz@gov.uk,Male,EUR,€ 41786.28,EUR
973,Yancy,De Gregoli,ydegregolir0@toplist.cz,Male,JPY,￥ 59755.,JPY
974,Cleon,Roisen,croisenr1@shop-pro.jp,Male,CNY,CN¥ 21029.61,CNY
975,Olimpia,Marris,omarrisr2@huffingtonpost.com,Female,IDR,Rp 13650.,IDR
976,Dulcia,Bonellie,dbonellier3@youku.com,Bigender,IDR,Rp 32631.,IDR
977,Matthew,Cavozzi,mcavozzir4@cisco.com,Male,USD,$ 55269.40,USD
978,Evered,Furmston,efurmstonr5@squarespace.com,Male,VND,₫ 80830.,VND
979,Gerti,Caunter,gcaunterr6@blogtalkradio.com,Female,EUR,€ 27288.17,EUR
980,Shaina,Pybworth,spybworthr7@furl.net,Female,IDR,Rp 23283.,IDR
981,Dennie,Pactat,dpactatr8@ed.gov,Male,IDR,Rp 50965.,IDR
982,Daryn,Elstob,delstobr9@unicef.org,Female,EUR,€ 86203.92,EUR
983,Shaun,Curedale,scuredalera@mapy.cz,Male,CNY,CN¥ 66453.93,CNY
984,Wiatt,Turle,wturlerb@cnet.com,Genderfluid,UAH,₴ 69920.58,UAH
985,Kerwinn,Garfitt,kgarfittrc@examiner.com,Male,DOP,RD$ 16435.48,DOP
986,Lynette,Hacquoil,lhacquoilrd@dell.com,Female,EUR,€ 95316.62,EUR
987,Lev,Skala,lskalare@yellowpages.com,Male,CNY,CN¥ 44751.65,CNY
988,Camila,Sowter,csowterrf@weibo.com,Female,CNY,CN¥ 53034.14,CNY
989,Maximo,Canny,mcannyrg@upenn.edu,Male,THB,฿ 58813.81,THB
990,Allyn,Bahl,abahlrh@apache.org,Female,MAD,د.م.‏ 53715.08,MAD
991,Town,Sommerscales,tsommerscalesri@netvibes.com,Male,DOP,RD$ 57708.12,DOP
992,Howie,Yeomans,hyeomansrj@phoca.cz,Male,BND,$ 78766.57,BND
993,Reinwald,Neary,rnearyrk@domainmarket.com,Male,VEF,Bs.F. 41183.14,VEF
994,Zorine,Knevit,zknevitrl@unesco.org,Female,CRC,₡ 82572.,CRC
995,Carce,Gubbins,cgubbinsrm@friendfeed.com,Male,UAH,₴ 96926.36,UAH
996,Melesa,Hilling,mhillingrn@pen.io,Female,CNY,CN¥ 91311.70,CNY
997,Chanda,Tolle,ctollero@histats.com,Female,MAD,د.م.‏ 37288.65,MAD
998,Frankie,Farrens,ffarrensrp@w3.org,Male,PHP,₱ 17632.31,PHP
999,Tobe,Cobello,tcobellorq@aol.com,Female,PEN,S/. 65013.45,PEN
1000,Tresa,Brothers,tbrothersrr@webeden.co.uk,Female,MKD,MKD 34722.62,MKD
